,name,cuisine,latitude,longitude,address,rating,review_count,price
90,Coffee Lounge,Singaporean,1.308435,103.833928,"22 Scotts Rd, Singapore 228221, Singapore",4.5,4,$$$
91,Happy Crab,Singaporean,1.3022323,103.8610412,"13 Pahang St, Singapore 198613, Singapore",4.5,11,$$$
92,National Kitchen By Violet Oon,Singaporean,1.290618,103.851938,"""1 St Andrews Rd"", #02-01, Singapore 178957, Singapore",4.5,38,$$$
93,San Laksa Steamboat,Singaporean,1.30988,103.85699,"147 Kitchener Road, Singapore 208524, Singapore",4,8,$$$
94,Cin Cin,Singaporean,1.275907433,103.8446534,"100 Peck Seah St, #01-02, Singapore 079333, Singapore",4,3,$$$
95,The Peranakan,Singaporean,1.307166193,103.8286007,"442 Orchard Rd, #02-01, Orchard Hotel, Claymore Connect, Singapore 238879, Singapore",3,13,$$$
96,Big Street,Singaporean,1.30619,103.85597,"104/106 Jalan Besar, Singapore 208828, Singapore",4,3,$$$
97,Folklore,Singaporean,1.302405402,103.864042,"700 Beach Rd, Level 2, Singapore 199598, Singapore",3.5,10,$$$
98,Joie By Dozo,Singaporean,1.301571555,103.8388208,"181 Orchard Rd, #12-01, Singapore 238896, Singapore",4.5,21,$$$
99,Chin Huat Live Seafood,Singaporean,1.322290697,103.7695743,"Blk 105 Clementi St 12, #01-30, Singapore 120105, Singapore",4.5,18,$$$
100,The East Bureau,Singaporean,1.290562905,103.8566192,"6 Raffles Boulevard, #03-03, Singapore 039594, Singapore",2,1,$$$
101,Privé CHIJMES,Singaporean,1.294728,103.85224,"30 Victoria St, #01-33, Chijmes Courtyard, Singapore 187996, Singapore",3,18,$$$
102,Hot Stones Steak & Seafood,Singaporean,1.2899801,103.8455811,"3D River Valley Road, #01-06, Singapore 179023, Singapore",2,4,$$$
103,Durian Stall At Dempsey,Singaporean,1.30475,103.8089981,"7 Dempsey Road, Singapore 249671, Singapore",4,6,$$$
104,Hopscotch Bar,Singaporean,1.275856,103.8042542,"45 Malan Road, Gillman Barracks, Red Dot Traffic Building, Singapore 109455, Singapore",4.5,7,$$$
105,Shashlik,Singaporean,1.30539,103.8302,"545 Orchard Rd, #06-19, Singapore 238882, Singapore",3,13,$$$
199,Renn Thai Restaurant Clarke Quay,Thai,1.28965529,103.8457142,"3D River Valley Rd, #01-05, Clarke Quay 179024, Singapore",3.5,7,$$$
200,Nakhon Kitchen,Thai,1.275455118,103.7949755,"87 Pasir Panjang Rd, Singapore 118510, Singapore",4,3,$$$
201,Sabai,Thai,1.282773825,103.8533491,"70 Collyer Quay, #01-02 Customs House, Singapore 049326, Singapore",3.5,7,$$$
202,Yhingthai Palace,Thai,1.29656,103.85496,"36 Purvis St, #01-04, Singapore 188613, Singapore",4,17,$$$
203,Thai Thai,Thai,1.29017,103.8519974,"Orchard Road 333A, 03 Mandarin Gallery, Singapore, Singapore",4,1,$$$
204,Jim Thompson,Thai,1.30545,103.81555,"45 Minden Road, Singapore 248817, Singapore",4,23,$$$
205,Tawandang Microbrewery,Thai,1.30584,103.811348,"26 Dempsey Rd, #01-01, Singapore 249686, Singapore",3.5,18,$$$
206,MooJaa,Thai,1.27986,103.8413315,"25 Keong Saik Road, Singapore 089132, Singapore",3.5,3,$$$
264,Antoinette,French,1.30973,103.86219,"30 Penhas Road, Singapore 208188, Singapore",3.5,22,$$$
265,Creperie des Arts,French,1.29995,103.8499298,"44 Prinsep Street, Singapore 188673, Singapore",4,4,$$$
266,Taratata Brasserie,French,1.2801146,103.8414164,"35A Keong Saik Rd, Ground Floor, Singapore 089142, Singapore",4,13,$$$
267,Brasserie Les Saveurs,French,1.305758,103.826029,"29 Tanglin Rd, Singapore 247911, Singapore",3,6,$$$
268,Bistro Du Vin,French,1.292846999,103.831193,"Zion, 56 Zion Road, Singapore 247781, Singapore",4,13,$$$
269,IKYU,French,1.2825899,103.83035,"5 Yong Siak St, Singapore 168643, Singapore",4,20,$$$
270,The Clifford Pier,French,1.2839449,103.8535294,"80 Collyer Quay, Singapore 049326, Singapore",3.5,17,$$$
271,L'Entrecôte,French,1.27842,103.8428192,"36 Duxton Hill, Singapore 089614, Singapore",3.5,24,$$$
272,Bar-Roque Grill,French,1.274961,103.843575,"165 Tanjong Pagar Rd, #01-00, Singapore 088539, Singapore",3.5,8,$$$
273,Les Bouchons,French,1.2813,103.84571,"7 Ann Siang Road, Singapore 069689, Singapore",3,13,$$$
342,Zzapi,Italian,1.316404553,103.8355207,"271 Bukit Timah Road, #01-04, Balmoral Plaza, Singapore 259708, Singapore",4,1,$$$
343,Ristorante Pietrasanta,Italian,1.298994847,103.7876004,"1 Fusionopolis Way, #01-08, Connexis Tower, Singapore 138632, Singapore",4,16,$$$
344,Dolce Vita,Italian,1.29063,103.85844,"5 Raffles Ave, Level 5, Singapore 039797, Singapore",4.5,6,$$$
345,iO Italian Osteria,Italian,1.362962442,103.7644064,"4 Hillview Rise Hill V2, # 02-01, Singapore 667979, Singapore",4.5,19,$$$
346,Jamie's Italian,Italian,1.30629,103.8286399,"583 Orchard Rd, #01 01-04, Singapore 238884, Singapore",3,26,$$$
347,Da Luca Italian Restaurant,Italian,1.3182,103.8426132,"1 Goldhill Plaza, #01-19/21 Goldhill Plaza, Singapore 308899, Singapore",3.5,8,$$$
348,Alfresco Gusto,Italian,1.305104,103.832075,"2 Orchard Turn, ION Orchard #01-15, Singapore 238801, Singapore",2.5,3,$$$
349,Caruso,Italian,1.330735117,103.7958559,"791 Bukit Timah Rd, Singapore 269764, Singapore",4,3,$$$
350,Bel Mondo,Italian,1.2920715,103.859851,"9 Raffles Boulevard, Singapore 039596, Singapore",4,6,$$$
351,La Strada,Italian,1.306347554,103.8318952,"1 Scotts Rd, #01-13, Singapore 228208, Singapore",4.5,16,$$$
352,sufood,Italian,1.29383,103.8533325,"252 North Bridge Road, Raffles City Shopping Centre, #02-19, Singapore, Singapore",4,6,$$$
353,Pasta Brava,Italian,1.277636955,103.8427265,"11 Craig Rd, Tanjong Pagar 089671, Singapore",4,22,$$$
354,Perbacco,Italian,1.27803,103.8423462,"20 Craig Rd, #01-03, Singapore 089692, Singapore",4,3,$$$
355,Limoncello Pizza & Grill,Italian,1.29093,103.83668,"95 Robertson Quay, #01-19/20, Rivergate, Singapore 238256, Singapore",3,12,$$$
356,Aura,Italian,1.2897045,103.8512862,"""1 St Andrews Rd"", #06-02, Singapore 178957, Singapore",3.5,21,$$$
357,Cicheti,Italian,1.3017,103.85997,"52 Kandahar St, Singapore 198901, Singapore",4,34,$$$
358,Petes's Place,Italian,1.3064382,103.83333,"Grand Hyatt Singapore, 10 Scotts Road, Singapore 228211, Singapore",3.5,13,$$$
359,Pizza Fabbrica,Italian,1.301014036,103.8600211,"69/70 Bussorah Street, Singapore 199483, Singapore",4,12,$$$
360,Atmastel,Italian,1.294411882,103.855544,"26 Beach Rd, #B1-22, South Beach Avenue, Singapore 189768, Singapore",3.5,4,$$$
361,Zafferano Restaurant,Italian,1.282762127,103.8530221,"10 Collyer Quay, #43-01, Ocean Financial Centre, Singapore 049315, Singapore",3,16,$$$
362,La Pizzaiola,Italian,1.381617123,103.8297154,"19 Kalidasa Avenue, Singapore 789398, Singapore",4.5,4,$$$
363,Rubato,Italian,1.331184718,103.8069923,"12 Greenwood Ave, Singapore 289204, Singapore",4,12,$$$
364,Peperoni Pizzeria,Italian,1.3534281,103.8333141,"267 Upper Thomson Rd, Singapore 574394, Singapore",4,1,$$$
365,Bruno's Bistrot,Italian,1.31213,103.91116,"201 Telok Kurau Rd, #01-06, Kurau Court, Singapore 423910, Singapore",4,5,$$$
366,Prego,Italian,1.293827,103.854009,"80 Bras Basah Rd, Level 1, Singapore 189560, Singapore",3.5,28,$$$
367,Pizzeria L'Operetta,Italian,1.275,103.8445206,"Icon Village #01-78-81, 12 Gopeng Street, Singapore 078877, Singapore",3,13,$$$
368,Baci Baci,Italian,1.364537028,103.8700351,"27 Lichfield Rd, Singapore 556847, Singapore",4.5,6,$$$
369,Latteria Mozzarella Bar,Italian,1.27859,103.8429031,"40 Duxton Hill, Singapore 089618, Singapore",4,31,$$$
370,La Braceria,Italian,1.33164,103.8070526,"5 Greendale Ave, Hillcrest, Singapore 289501, Singapore",3.5,8,$$$
371,Cacio e Pepe Cucina Italiano,Italian,1.357796164,103.760363,"3 Chu Lin Road, Singapore 669890, Singapore",3.5,3,$$$
372,Senso Ristorante & Bar,Italian,1.28251,103.84663,"21 Club St, Singapore 069410, Singapore",4,14,$$$
373,DOP Mozzarella Bar,Italian,1.29026,103.83919,"60 Robertson Quay, #01-04A The Quayside, Singapore 238252, Singapore",4,8,$$$
374,La Forketta Gastronomia Italiana,Italian,1.3036447,103.8098267,"9 Dempsey Rd, #01-09, Singapore 247697, Singapore",2.5,14,$$$
375,Motorino,Italian,1.290286,103.845103,"3A River Valley Rd, #01-01A, Clarke Quay, Singapore 179020, Singapore",3.5,15,$$$
376,Mad For Garlic,Italian,1.293590045,103.8566689,"No 3 Temasek Boulevard, #02-300/301, Singapore 038983, Singapore",2.5,12,$$$
377,Truffle Gourmet,Italian,1.2821362,103.8459818,"49 Club Street, Singapore 069426, Singapore",3,3,$$$
378,Modesto's,Italian,1.30689,103.8277512,"1 Tanglin Rd, #01-09/10, Orchard Parade Hotel, Singapore 247905, Singapore",3,12,$$$
379,Al Forno,Italian,1.30871,103.9120178,"400 East Coast Rd, Singapore 428996, Singapore",3.5,17,$$$
380,Palio,Italian,1.255427862,103.8198829,"Hotel Michael Sentosa, Level 2, Singapore, Singapore",3.5,2,$$$
381,Burlamacco Ristorante,Italian,1.2804805,103.8468004,"77 Amoy Street, Singapore 069896, Singapore",3.5,6,$$$
382,Sopra Cucina & Bar,Italian,1.3076066,103.8301208,"10 Claymore Road, #01-02, Pan Pacific Orchard Hotel, Singapore 229540, Singapore",3.5,7,$$$
383,Trattoria Italian Kitchen,Italian,1.30106,103.8384705,"313 Orchard Road, 313 Somerset, Singapore 238895, Singapore",3,5,$$$
384,Trattoria L'Operetta,Italian,1.30641,103.89559,"244 Tanjong Katong Road, Singapore 437032, Singapore",3.5,9,$$$
385,Pietro Ristorante Italiano,Italian,1.38328677,103.8760747,"12 Jalan Kelulut, Singapore 809030, Singapore",3,5,$$$
386,Jamie's Italian,Italian,1.263437,103.82129,"1 HarbourFront Walk, #01-165/167, Singapore 098585, Singapore",3,48,$$$
387,Ristorante da Valentino,Italian,1.336877,103.793967,"200 Turf Club Road, #01-19, Singapore 287994, Singapore",3.5,19,$$$
388,Etna Italian Restaurant,Italian,1.313189048,103.9293685,"110 Upper East Coast Rd, Singapore 455298, Singapore",3.5,6,$$$
389,Sole Pomodoro,Italian,1.246765278,103.8419418,"31 Ocean Way, #01-14 Quayside Isle  Sentosa Cove, Bedok 098375, Singapore",2.5,7,$$$
390,Pepenero,Italian,1.28036,103.8480835,"14 Stanley Street, Singapore 068733, Singapore",3.5,7,$$$
396,My Little Spanish Place,Spanish,1.28717,103.84925,"54 Boat Quay, Singapore 049843, Singapore",4,4,$$$
397,Sabio By The Sea,Spanish,1.24777,103.8419724,"31 Ocean Way, #01-02, Southern Islands 098367, Singapore",3.5,10,$$$
398,My Little Tapas Bar,Spanish,1.2812521,103.8455394,"14 Ann Siang Road, Singapore 069694, Singapore",4.5,8,$$$
399,My Little Spanish Place,Spanish,1.32443,103.8092422,"619 Bukit Timah Road, Singapore 269720, Singapore",4,13,$$$
400,Dehesa,Spanish,1.28626,103.8487899,"12 North Canal Rd, Singapore 048825, Singapore",5,3,$$$
401,Binomio,Spanish,1.277666492,103.8420918,"Craig Place, 20 Craig Road, #01-02, Singapore 089692, Singapore",4.5,15,$$$
402,Los Primos Taberna Y Tapas,Spanish,1.28161,103.8457489,"87 Club Street, Singapore 069449, Singapore",2.5,5,$$$
403,Bam! Tapas-sake Bar,Spanish,1.27841,103.8442535,"38 Tras Street, Singapore 078977, Singapore",4,7,$$$
404,Milagro Spanish Restaurant,Spanish,1.3009279,103.8399306,"181 Orchard Rd, #08-06, Singapore 238896, Singapore",3.5,7,$$$
405,UNA at One Rochester,Spanish,1.305308,103.787689,"1 Rochester Park, Singapore 139212, Singapore",3.5,4,$$$
406,Don Quijote,Spanish,1.304618,103.808905,"7 Dempsey Rd, #01-02, Singapore 249671, Singapore",3.5,19,$$$
407,Serenity Spanish Bar & Restaurant,Spanish,1.26431,103.8220673,"1 HarbourFront Walk, #01-98/99, VivoCity, Singapore 098585, Singapore",2.5,14,$$$
408,Octapas Spanish Tapas Bar,Spanish,1.2898848,103.8454475,"3D River Valley Rd, #01-08, Singapore 179023, Singapore",2,26,$$$
509,Hana Hana,Japanese,1.276337245,103.8437165,"1 Tras Link, #01-17, Orchid Hotel, Singapore 078867, Singapore",4,4,$$$
510,The Wall,Japanese,1.27661,103.84406,"76 Tanjong Pagar Rd, Singapore 088497, Singapore",5,1,$$$
511,Dashi Master Marusaya,Japanese,1.290095197,103.8371119,"86 Robertson Quay, #01-01, Singapore 238245, Singapore",4,2,$$$
512,Tomi Sushi,Japanese,1.319782,103.843661,"238 Thomson Rd, #02-76/77, Singapore 307683, Singapore",4,19,$$$
513,Nagae,Japanese,1.29041,103.8350296,"392 Havelock Road, Singapore 169663, Singapore",4,7,$$$
514,Fish Mart Sakuraya,Japanese,1.289252651,103.8055507,"370A Alexandra Road, Singapore 159954, Singapore",4.5,4,$$$
515,Bincho at Hua Bee,Japanese,1.283741,103.8304062,"78 Moh Guan Terrace, #01-19, Singapore 162078, Singapore",4,15,$$$
516,SushiAirways Sushibar,Japanese,1.30117,103.8597336,"20A Baghdad Street, Singapore 199659, Singapore",3.5,7,$$$
517,Sushi Jin,Japanese,1.31212,103.8541565,"1 Farrer Park Station Road, #01-11/12, Owen Link, Singapore 217562, Singapore",4,8,$$$
518,Rocku Yakiniku Japanese Charcoal Grill,Japanese,1.299629,103.854302,"201 Victoria Street, #04-06 Bugis Plus, Singapore 188067, Singapore",1.5,5,$$$
519,Teng Bespoke Japanese Vegetarian Dining,Japanese,1.30054,103.85103,"91 Bencoolen Street, #01-50, Singapore 189652, Singapore",4.5,13,$$$
520,Tsukada Nojo,Japanese,1.299821,103.845445,"68 Orchard Rd, #03-81, Singapore 238891, Singapore",4,18,$$$
521,Gyu-Kaku,Japanese,1.319721568,103.8437662,"238 Thomson Road, #02-46, Novena Square, Singapore 307683, Singapore",4,6,$$$
522,Tenshin,Japanese,1.3046549,103.8249313,"1 Cusaden Rd, #03-01, Singapore 249715, Singapore",4.5,4,$$$
523,Coq & Balls,Japanese,1.2852519,103.8292453,"6 Kim Tian Rd, Kai Fook Mansion, Singapore 169246, Singapore",4,13,$$$
524,Himonoya,Japanese,1.291983242,103.8413839,"11 Unity St, #02-14, Robertson walk, Singapore, Singapore",4,1,$$$
525,Sushi Kou,Japanese,1.276993,103.843891,"1 Tras Link, #01-16, Singapore 078867, Singapore",5,4,$$$
526,Kazu Sumiyaki,Japanese,1.302,103.8407211,"5 Koek Rd, Singapore 228796, Singapore",4.5,19,$$$
527,Syun,Japanese,1.256752,103.820331,"8 Sentosa Gateway, Festive Walk RWS, Sentosa Island, Southern Islands 098269, Singapore",4,5,$$$
528,Ginza Kuroson,Japanese,1.291280723,103.8414423,"30 Robertson Quay, Singapore 238251, Singapore",3.5,7,$$$
529,The Courtyard,Japanese,1.2862,103.85298,"1 Fullerton Square, Singapore 049178, Singapore",4,7,$$$
530,Tonkichi,Japanese,1.30111,103.8394699,"181 Orchard Rd, # 07-06 Orchard Central, Singapore 238896, Singapore",3.5,4,$$$
531,Bijin Nabe By Tsukada Nojo,Japanese,1.291759993,103.8445347,"177 River Valley Rd, #B1-03/04/05, Singapore 179030, Singapore",4,6,$$$
532,Horse's Mouth,Japanese,1.306690495,103.8286174,"583 Orchard Road, #B1-39, Singapore 238884, Singapore",4,23,$$$
533,Ishinomaki Grill And Sake,Japanese,1.306432274,103.8296795,"390 Orchard Rd, B1-2/02A/03, Singapore 238871, Singapore",4,3,$$$
534,Azmaya,Japanese,1.291138,103.841143,"30 Robertson Quay, #01-12/13, Riverside View, Singapore 238251, Singapore",3,6,$$$
535,Himawari Japanese Restaurant,Japanese,1.2747101,103.8021393,"991B Alexandra Road, #01-08/09, Singapore 119970, Singapore",4,4,$$$
536,Gyu Kaku Japanese BBQ,Japanese,1.29217,103.8426666,"UE Square, 81 Clemenceau Avenue, #01-18/19, Singapore 239917, Singapore",4,5,$$$
537,Nobu-ya,Japanese,1.30044,103.85225,"190 Middle Rd, Fortune Centre, Singapore 188979, Singapore",3,12,$$$
538,Yamagawa Japanese Restaurant,Japanese,1.30011,103.8606415,"7500A Beach Rd, #01-305 The Plaza, Singapore 199591, Singapore",4,5,$$$
539,Ginzawa,Japanese,1.3066061,103.8295614,"390 Orchard Road, #01-07 Palais Renaissance, Singapore 238871, Singapore",4,3,$$$
540,Shabu Shabu Tajimaya,Japanese,1.30379,103.83319,"435 Orchard Rd, Wisma Atria Level 4, Japanese Food Town, Singapore 238877, Singapore",4.5,4,$$$
541,Ryo Sushi,Japanese,1.27686,103.84387,"1 Tras Link, #01-06, Singapore 078867, Singapore",4.5,6,$$$
542,Tomi Sushi,Japanese,1.304204017,103.9028034,"30 East Coast Road, #02-14/15/16 Katong V, Singapore 428751, Singapore",4,5,$$$
543,Katanashi An,Japanese,1.281585845,103.8476903,"1 Boon Tat Street, #01-01, Singapore 069611, Singapore",4,7,$$$
544,Nara Japanese Restaurant,Japanese,1.318163,103.843934,"167 Thomson Rd, Goldhill Centre, Singapore 307619, Singapore",4,3,$$$
545,Wahiro Boutique Japanese,Japanese,1.305026741,103.9040909,"Roxy Square, 50 East Coast Rd, #01-01, Singapore 428769, Singapore",3.5,10,$$$
546,Sakae Sushi,Japanese,1.304279332,103.8409054,"Chevron House, 30 Raffles Place, #02-37, Singapore 048622, Singapore",2,1,$$$
547,The Public Izakaya By Hachi,Japanese,1.274309495,103.8436229,"100 Tras St, #01-09, Singapore 079027, Singapore",3.5,10,$$$
548,Jin Fine Dining,Japanese,1.282928,103.848734,"74 Telok Ayer St, # 01-02, Singapore 048464, Singapore",4.5,6,$$$
549,Azmaya Honten,Japanese,1.302,103.84072,"5 Koek Road, #03-24 to 28 Cuppage Plaza, Singapore 228796, Singapore",3,4,$$$
550,Akashi Japanese Restaurant,Japanese,1.30389,103.83583,"290 Orchard Rd, #B1-01/02, Singapore 238859, Singapore",2.5,9,$$$
551,Shin Kushiya,Japanese,1.28394,103.8479691,"33 Pekin Street, Singapore 048763, Singapore",4.5,2,$$$
552,Shin Yuu Japanese Restaurant,Japanese,1.3313031,103.8068598,"16 Greenwood Ave, Singapore 289209, Singapore",4.5,7,$$$
553,Kaiho Sushi,Japanese,1.301349,103.8400574,"03-01 Cuppage Plz, Singapore 228796, Singapore",4,10,$$$
554,ichidon,Japanese,1.2772797,103.8465299,"Maxwell Road 32, Singapore 069115, Singapore",3,1,$$$
555,Tonkatsu Ma Maison,Japanese,1.3021,103.83665,"333A Orchard Rd, #02-35/36, Singapore 238897, Singapore",3.5,23,$$$
556,Irodori Japanese Restaurant,Japanese,1.30004,103.8494568,"1 Selegie Road PoMo, #01-14/15, Singapore 188306, Singapore",2,1,$$$
557,Koji Sushi Bar - Pickering Branch,Japanese,1.284466827,103.847114,"3 Pickering Street, #01-42, Singapore 048660, Singapore",4,6,$$$
558,Tomo Izakaya,Japanese,1.29024,103.84541,"3A River Valley Rd, #01-04, Clarke Quay, Singapore 179020, Singapore",3.5,19,$$$
659,Jumbo Seafood,Malay,1.288928737,103.8483739,"20 Upper Circular Road, #B1-48, Singapore 058416, Singapore",4,183,$$$
660,Yardbird Table & Bar,Malay,1.2837366,103.8591923,"2 Bayfront Ave, #B1-07, Singapore 018972, Singapore",4.5,22,$$$
661,Coffee Lounge,Malay,1.308435,103.833928,"22 Scotts Rd, Singapore 228221, Singapore",4.5,4,$$$
662,The Garden @ Sentosa,Malay,1.243589023,103.8283539,"2 Bukit Manis Road, Sentosa, Singapore 099891, Singapore",5,2,$$$
663,Happy Crab,Malay,1.3022323,103.8610412,"13 Pahang St, Singapore 198613, Singapore",4.5,11,$$$
664,Hana Hana,Malay,1.276337245,103.8437165,"1 Tras Link, #01-17, Orchid Hotel, Singapore 078867, Singapore",4,4,$$$
665,The Naked Finn,Malay,1.276325,103.804458,"39 Malan Rd, Singapore 109442, Singapore",4.5,19,$$$
666,Hai Di Lao,Malay,1.289833,103.845535,"3D River Valley Rd, #02-04, Singapore 179023, Singapore",4,42,$$$
667,Cook & Brew,Malay,1.278000852,103.8508256,"12 Marina View, 33rd Floor, Singapore 018961, Singapore",4,14,$$$
668,8 Korean BBQ,Malay,1.288706978,103.8466714,"6 Eu Tong Sen Street, #02-70/90, Singapore 059817, Singapore",4,23,$$$
669,Salted & Hung,Malay,1.296537233,103.8551941,"12 Purvis St, Singapore 188591, Singapore",4,13,$$$
670,National Kitchen By Violet Oon,Malay,1.290618,103.851938,"""1 St Andrews Rd"", #02-01, Singapore 178957, Singapore",4.5,38,$$$
671,10 Scotts,Malay,1.3064382,103.83333,"10 Scotts Rd, Lobby Level, Singapore 228211, Singapore",4,14,$$$
672,My Little Spanish Place,Malay,1.28717,103.84925,"54 Boat Quay, Singapore 049843, Singapore",4,4,$$$
673,Sabio By The Sea,Malay,1.24777,103.8419724,"31 Ocean Way, #01-02, Southern Islands 098367, Singapore",3.5,10,$$$
674,San Laksa Steamboat,Malay,1.30988,103.85699,"147 Kitchener Road, Singapore 208524, Singapore",4,8,$$$
675,Paddy Hills,Malay,1.28082,103.78702,"38 South Buona Vista Rd, Singapore 118164, Singapore",4,15,$$$
676,Zzapi,Malay,1.316404553,103.8355207,"271 Bukit Timah Road, #01-04, Balmoral Plaza, Singapore 259708, Singapore",4,1,$$$
677,PS Cafe,Malay,1.306809,103.829511,"390 Orchard Rd, #02-09A, Singapore 238871, Singapore",3.5,29,$$$
678,The Wall,Malay,1.27661,103.84406,"76 Tanjong Pagar Rd, Singapore 088497, Singapore",5,1,$$$
679,Bigmama,Malay,1.28527,103.829277,"2 Kim Tian Road, Singapore 169244, Singapore",4,17,$$$
680,Hansik Korean Restaurant,Malay,1.358690114,103.8845953,"205 Hougang St 21, #02-00, Heartland Mall, Singapore 530205, Singapore",4,6,$$$
681,Antoinette,Malay,1.30973,103.86219,"30 Penhas Road, Singapore 208188, Singapore",3.5,22,$$$
682,My Little Tapas Bar,Malay,1.2812521,103.8455394,"14 Ann Siang Road, Singapore 069694, Singapore",4.5,8,$$$
683,Dashi Master Marusaya,Malay,1.290095197,103.8371119,"86 Robertson Quay, #01-01, Singapore 238245, Singapore",4,2,$$$
684,Kantipur Tandoori,Malay,1.3100899,103.8564301,"18 Verdun Road, #01-01 & 02-01, Singapore 207280, Singapore",4,1,$$$
685,Blu Kouzina,Malay,1.30331,103.81041,"10 Dempsey Rd, #01-21, Dempsey Hill, Singapore 247700, Singapore",4.5,24,$$$
686,Tomi Sushi,Malay,1.319782,103.843661,"238 Thomson Rd, #02-76/77, Singapore 307683, Singapore",4,19,$$$
687,Shabestan,Malay,1.290909203,103.8404525,"80 Mohammed Sultan Rd, #01-13, The Pier at Robertson Quay, Singapore 239013, Singapore",4.5,21,$$$
688,Seoul Yummy,Malay,1.304247912,103.831891,"ION Orchard, 2 Orchard Turn, #B2-22, Singapore 238801, Singapore",4,2,$$$
689,Wah Lok Cantonese Restaurant,Malay,1.296078903,103.8525358,"76 Bras Basah Rd, Level 2, Singapore 189558, Singapore",4,17,$$$
690,Fine Palate Cafe,Malay,1.29826,103.851181,"51 Waterloo Street, #01-04/05, Singapore 187969, Singapore",4.5,2,$$$
691,Nagae,Malay,1.29041,103.8350296,"392 Havelock Road, Singapore 169663, Singapore",4,7,$$$
692,TWG Tea Salon & Boutique,Malay,1.2835,103.85068,"9 Raffles Pl, #01-22, Republic Plaza, Singapore 048619, Singapore",4,4,$$$
693,Cin Cin,Malay,1.275907433,103.8446534,"100 Peck Seah St, #01-02, Singapore 079333, Singapore",4,3,$$$
694,The Peranakan,Malay,1.307166193,103.8286007,"442 Orchard Rd, #02-01, Orchard Hotel, Claymore Connect, Singapore 238879, Singapore",3,13,$$$
695,Fish Mart Sakuraya,Malay,1.289252651,103.8055507,"370A Alexandra Road, Singapore 159954, Singapore",4.5,4,$$$
696,Hai Di Lao,Malay,1.300373148,103.8380782,"313 Orchard Road, Level 4, 313@somerset, Singapore 238895, Singapore",4.5,15,$$$
697,Maharajah,Malay,1.28657,103.84948,"41 Boat Quay, Singapore 049830, Singapore",4.5,9,$$$
698,Chao Shan Cuisine,Malay,1.28437,103.84986,"17 Philip St, #01-01/02, Grand Building, Singapore 048695, Singapore",4,3,$$$
699,Bincho at Hua Bee,Malay,1.283741,103.8304062,"78 Moh Guan Terrace, #01-19, Singapore 162078, Singapore",4,15,$$$
700,Big Street,Malay,1.30619,103.85597,"104/106 Jalan Besar, Singapore 208828, Singapore",4,3,$$$
701,Shang Palace,Malay,1.311153,103.826574,"22 Orange Grove Rd, Singapore 258350, Singapore",4.5,7,$$$
702,Beauty in the Pot,Malay,1.301580063,103.8396018,"176 Orchard Rd, #05-15/16, Singapore 238843, Singapore",4,6,$$$
703,SushiAirways Sushibar,Malay,1.30117,103.8597336,"20A Baghdad Street, Singapore 199659, Singapore",3.5,7,$$$
704,Sushi Jin,Malay,1.31212,103.8541565,"1 Farrer Park Station Road, #01-11/12, Owen Link, Singapore 217562, Singapore",4,8,$$$
705,Ash & Elm,Malay,1.29816,103.8548,"80 Middle Road, Level 1, Singapore 188966, Singapore",4,8,$$$
706,Sky Bar,Malay,1.25019,103.8273087,"Resorts World Sentosa, L/11 Hotel Michael, 39 Artillery Ave, Singapore 099958, Singapore",4,1,$$$
707,Firebake,Malay,1.307885083,103.907465,"237 East Coast Rd, Level 1, Singapore 428930, Singapore",3,4,$$$
708,Red House,Malay,1.2903566,103.8394691,"60 Robertson Quay, #01-14, The Quayside, Singapore 238252, Singapore",4,30,$$$
779,8 Korean BBQ,Korean,1.288706978,103.8466714,"6 Eu Tong Sen Street, #02-70/90, Singapore 059817, Singapore",4,23,$$$
780,Bigmama,Korean,1.28527,103.829277,"2 Kim Tian Road, Singapore 169244, Singapore",4,17,$$$
781,Hansik Korean Restaurant,Korean,1.358690114,103.8845953,"205 Hougang St 21, #02-00, Heartland Mall, Singapore 530205, Singapore",4,6,$$$
782,Seoul Yummy,Korean,1.304247912,103.831891,"ION Orchard, 2 Orchard Turn, #B2-22, Singapore 238801, Singapore",4,2,$$$
783,Ju Shin Jung,Korean,1.283221,103.780681,"27 West Coast Highway, #01-18/19, Singapore 117867, Singapore",4,5,$$$
784,Bornga,Korean,1.264845,103.8224199,"VivoCity, 1 Harbourfront Avenue, #02-123/124,, Singapore 098585, Singapore",4,10,$$$
785,Crystal Jade Ginseng Chicken & BBQ,Korean,1.302611879,103.8353471,"391 Orchard Road, #04-20 Ngee Ann City, Singapore 238872, Singapore",3.5,2,$$$
786,Todamgol,Korean,1.27661,103.84406,"31 Tanjong Paga Rd, #01-01, Singapore 088454, Singapore",4,10,$$$
787,Kim's Family Food Korean Restaurant,Korean,1.340850335,103.7741963,"17 Lor Kilat, Singapore 598139, Singapore",3.5,15,$$$
788,Han Kook Gwan,Korean,1.27976287,103.8438084,"26 Tanjong Pagar Road, Singapore 088449, Singapore",4,1,$$$
789,Superstar K,Korean,1.27882,103.8454208,"75 Tanjong Pagar Road, Singapore 088496, Singapore",4.5,14,$$$
790,Seorae Korean Charcoal BBQ - Plaza Singapura,Korean,1.30048,103.84491,"68 Orchard Rd, #02-01, Singapore 238839, Singapore",3.5,4,$$$
791,Nanta BBQ,Korean,1.31833,103.8437195,"175 Thomson Road, Singapore 307624, Singapore",4,1,$$$
792,Obba BBQ,Korean,1.27818885,103.8439603,"63 Tanjong Pagar Road, Singapore 088484, Singapore",3,10,$$$
793,Yoogane,Korean,1.3026201,103.8544006,"4 Rochor Road, #02-47/48, Bugis Junction, Singapore 181004, Singapore",3.5,5,$$$
794,Dal In Korean Restaurant,Korean,1.281362118,103.84833,"17 Boon Tat St, Singapore 069618, Singapore",3.5,2,$$$
795,Superstar K,Korean,1.286462935,103.849223,"45 Circular Road, Singapore 049400, Singapore",5,1,$$$
796,Sojap Neun Eubo,Korean,1.278516334,103.8438624,"58 Tanjong Pagar Rd, Singapore 088479, Singapore",3,1,$$$
797,Kko Kko Na Ra,Korean,1.278869916,103.843823,"68 Tanjong Pagar Rd, Singapore 088489, Singapore",3.5,13,$$$
798,Gum Gang Won,Korean,1.28324,103.8434677,"Temple Street 55, Chinatown, Singapore, Singapore",2.5,3,$$$
902,Jumbo Seafood,American,1.288928737,103.8483739,"20 Upper Circular Road, #B1-48, Singapore 058416, Singapore",4,183,$$$
903,Yardbird Table & Bar,American,1.2837366,103.8591923,"2 Bayfront Ave, #B1-07, Singapore 018972, Singapore",4.5,22,$$$
904,Coffee Lounge,American,1.308435,103.833928,"22 Scotts Rd, Singapore 228221, Singapore",4.5,4,$$$
905,The Garden @ Sentosa,American,1.243589023,103.8283539,"2 Bukit Manis Road, Sentosa, Singapore 099891, Singapore",5,2,$$$
906,Happy Crab,American,1.3022323,103.8610412,"13 Pahang St, Singapore 198613, Singapore",4.5,11,$$$
907,Hana Hana,American,1.276337245,103.8437165,"1 Tras Link, #01-17, Orchid Hotel, Singapore 078867, Singapore",4,4,$$$
908,The Naked Finn,American,1.276325,103.804458,"39 Malan Rd, Singapore 109442, Singapore",4.5,19,$$$
909,Hai Di Lao,American,1.289833,103.845535,"3D River Valley Rd, #02-04, Singapore 179023, Singapore",4,42,$$$
910,Cook & Brew,American,1.278000852,103.8508256,"12 Marina View, 33rd Floor, Singapore 018961, Singapore",4,14,$$$
911,8 Korean BBQ,American,1.288706978,103.8466714,"6 Eu Tong Sen Street, #02-70/90, Singapore 059817, Singapore",4,23,$$$
912,Salted & Hung,American,1.296537233,103.8551941,"12 Purvis St, Singapore 188591, Singapore",4,13,$$$
913,National Kitchen By Violet Oon,American,1.290618,103.851938,"""1 St Andrews Rd"", #02-01, Singapore 178957, Singapore",4.5,38,$$$
914,10 Scotts,American,1.3064382,103.83333,"10 Scotts Rd, Lobby Level, Singapore 228211, Singapore",4,14,$$$
915,My Little Spanish Place,American,1.28717,103.84925,"54 Boat Quay, Singapore 049843, Singapore",4,4,$$$
916,Sabio By The Sea,American,1.24777,103.8419724,"31 Ocean Way, #01-02, Southern Islands 098367, Singapore",3.5,10,$$$
917,San Laksa Steamboat,American,1.30988,103.85699,"147 Kitchener Road, Singapore 208524, Singapore",4,8,$$$
918,Paddy Hills,American,1.28082,103.78702,"38 South Buona Vista Rd, Singapore 118164, Singapore",4,15,$$$
919,Zzapi,American,1.316404553,103.8355207,"271 Bukit Timah Road, #01-04, Balmoral Plaza, Singapore 259708, Singapore",4,1,$$$
920,PS Cafe,American,1.306809,103.829511,"390 Orchard Rd, #02-09A, Singapore 238871, Singapore",3.5,29,$$$
921,The Wall,American,1.27661,103.84406,"76 Tanjong Pagar Rd, Singapore 088497, Singapore",5,1,$$$
922,Bigmama,American,1.28527,103.829277,"2 Kim Tian Road, Singapore 169244, Singapore",4,17,$$$
923,Hansik Korean Restaurant,American,1.358690114,103.8845953,"205 Hougang St 21, #02-00, Heartland Mall, Singapore 530205, Singapore",4,6,$$$
924,Antoinette,American,1.30973,103.86219,"30 Penhas Road, Singapore 208188, Singapore",3.5,22,$$$
925,My Little Tapas Bar,American,1.2812521,103.8455394,"14 Ann Siang Road, Singapore 069694, Singapore",4.5,8,$$$
926,Dashi Master Marusaya,American,1.290095197,103.8371119,"86 Robertson Quay, #01-01, Singapore 238245, Singapore",4,2,$$$
927,Kantipur Tandoori,American,1.3100899,103.8564301,"18 Verdun Road, #01-01 & 02-01, Singapore 207280, Singapore",4,1,$$$
928,Blu Kouzina,American,1.30331,103.81041,"10 Dempsey Rd, #01-21, Dempsey Hill, Singapore 247700, Singapore",4.5,24,$$$
929,Tomi Sushi,American,1.319782,103.843661,"238 Thomson Rd, #02-76/77, Singapore 307683, Singapore",4,19,$$$
930,Shabestan,American,1.290909203,103.8404525,"80 Mohammed Sultan Rd, #01-13, The Pier at Robertson Quay, Singapore 239013, Singapore",4.5,21,$$$
931,Seoul Yummy,American,1.304247912,103.831891,"ION Orchard, 2 Orchard Turn, #B2-22, Singapore 238801, Singapore",4,2,$$$
932,Wah Lok Cantonese Restaurant,American,1.296078903,103.8525358,"76 Bras Basah Rd, Level 2, Singapore 189558, Singapore",4,17,$$$
933,Fine Palate Cafe,American,1.29826,103.851181,"51 Waterloo Street, #01-04/05, Singapore 187969, Singapore",4.5,2,$$$
934,Nagae,American,1.29041,103.8350296,"392 Havelock Road, Singapore 169663, Singapore",4,7,$$$
935,TWG Tea Salon & Boutique,American,1.2835,103.85068,"9 Raffles Pl, #01-22, Republic Plaza, Singapore 048619, Singapore",4,4,$$$
936,Cin Cin,American,1.275907433,103.8446534,"100 Peck Seah St, #01-02, Singapore 079333, Singapore",4,3,$$$
937,The Peranakan,American,1.307166193,103.8286007,"442 Orchard Rd, #02-01, Orchard Hotel, Claymore Connect, Singapore 238879, Singapore",3,13,$$$
938,Fish Mart Sakuraya,American,1.289252651,103.8055507,"370A Alexandra Road, Singapore 159954, Singapore",4.5,4,$$$
939,Hai Di Lao,American,1.300373148,103.8380782,"313 Orchard Road, Level 4, 313@somerset, Singapore 238895, Singapore",4.5,15,$$$
940,Maharajah,American,1.28657,103.84948,"41 Boat Quay, Singapore 049830, Singapore",4.5,9,$$$
941,Chao Shan Cuisine,American,1.28437,103.84986,"17 Philip St, #01-01/02, Grand Building, Singapore 048695, Singapore",4,3,$$$
942,Bincho at Hua Bee,American,1.283741,103.8304062,"78 Moh Guan Terrace, #01-19, Singapore 162078, Singapore",4,15,$$$
943,Big Street,American,1.30619,103.85597,"104/106 Jalan Besar, Singapore 208828, Singapore",4,3,$$$
944,Shang Palace,American,1.311153,103.826574,"22 Orange Grove Rd, Singapore 258350, Singapore",4.5,7,$$$
945,Beauty in the Pot,American,1.301580063,103.8396018,"176 Orchard Rd, #05-15/16, Singapore 238843, Singapore",4,6,$$$
946,SushiAirways Sushibar,American,1.30117,103.8597336,"20A Baghdad Street, Singapore 199659, Singapore",3.5,7,$$$
947,Sushi Jin,American,1.31212,103.8541565,"1 Farrer Park Station Road, #01-11/12, Owen Link, Singapore 217562, Singapore",4,8,$$$
948,Ash & Elm,American,1.29816,103.8548,"80 Middle Road, Level 1, Singapore 188966, Singapore",4,8,$$$
949,Sky Bar,American,1.25019,103.8273087,"Resorts World Sentosa, L/11 Hotel Michael, 39 Artillery Ave, Singapore 099958, Singapore",4,1,$$$
950,Firebake,American,1.307885083,103.907465,"237 East Coast Rd, Level 1, Singapore 428930, Singapore",3,4,$$$
951,Red House,American,1.2903566,103.8394691,"60 Robertson Quay, #01-14, The Quayside, Singapore 238252, Singapore",4,30,$$$
952,Bochinche,Argentine,1.28227,103.8476,"115 Amoy St, #01-02, Singapore 069935, Singapore",4,5,$$$
1053,Jumbo Seafood,English,1.288928737,103.8483739,"20 Upper Circular Road, #B1-48, Singapore 058416, Singapore",4,183,$$$
1054,Yardbird Table & Bar,English,1.2837366,103.8591923,"2 Bayfront Ave, #B1-07, Singapore 018972, Singapore",4.5,22,$$$
1055,Coffee Lounge,English,1.308435,103.833928,"22 Scotts Rd, Singapore 228221, Singapore",4.5,4,$$$
1056,The Garden @ Sentosa,English,1.243589023,103.8283539,"2 Bukit Manis Road, Sentosa, Singapore 099891, Singapore",5,2,$$$
1057,Happy Crab,English,1.3022323,103.8610412,"13 Pahang St, Singapore 198613, Singapore",4.5,11,$$$
1058,Hana Hana,English,1.276337245,103.8437165,"1 Tras Link, #01-17, Orchid Hotel, Singapore 078867, Singapore",4,4,$$$
1059,The Naked Finn,English,1.276325,103.804458,"39 Malan Rd, Singapore 109442, Singapore",4.5,19,$$$
1060,Hai Di Lao,English,1.289833,103.845535,"3D River Valley Rd, #02-04, Singapore 179023, Singapore",4,42,$$$
1061,Cook & Brew,English,1.278000852,103.8508256,"12 Marina View, 33rd Floor, Singapore 018961, Singapore",4,14,$$$
1062,8 Korean BBQ,English,1.288706978,103.8466714,"6 Eu Tong Sen Street, #02-70/90, Singapore 059817, Singapore",4,23,$$$
1063,Salted & Hung,English,1.296537233,103.8551941,"12 Purvis St, Singapore 188591, Singapore",4,13,$$$
1064,National Kitchen By Violet Oon,English,1.290618,103.851938,"""1 St Andrews Rd"", #02-01, Singapore 178957, Singapore",4.5,38,$$$
1065,10 Scotts,English,1.3064382,103.83333,"10 Scotts Rd, Lobby Level, Singapore 228211, Singapore",4,14,$$$
1066,My Little Spanish Place,English,1.28717,103.84925,"54 Boat Quay, Singapore 049843, Singapore",4,4,$$$
1067,Sabio By The Sea,English,1.24777,103.8419724,"31 Ocean Way, #01-02, Southern Islands 098367, Singapore",3.5,10,$$$
1068,San Laksa Steamboat,English,1.30988,103.85699,"147 Kitchener Road, Singapore 208524, Singapore",4,8,$$$
1069,Paddy Hills,English,1.28082,103.78702,"38 South Buona Vista Rd, Singapore 118164, Singapore",4,15,$$$
1070,Zzapi,English,1.316404553,103.8355207,"271 Bukit Timah Road, #01-04, Balmoral Plaza, Singapore 259708, Singapore",4,1,$$$
1071,PS Cafe,English,1.306809,103.829511,"390 Orchard Rd, #02-09A, Singapore 238871, Singapore",3.5,29,$$$
1072,The Wall,English,1.27661,103.84406,"76 Tanjong Pagar Rd, Singapore 088497, Singapore",5,1,$$$
1073,Bigmama,English,1.28527,103.829277,"2 Kim Tian Road, Singapore 169244, Singapore",4,17,$$$
1074,Hansik Korean Restaurant,English,1.358690114,103.8845953,"205 Hougang St 21, #02-00, Heartland Mall, Singapore 530205, Singapore",4,6,$$$
1075,Antoinette,English,1.30973,103.86219,"30 Penhas Road, Singapore 208188, Singapore",3.5,22,$$$
1076,My Little Tapas Bar,English,1.2812521,103.8455394,"14 Ann Siang Road, Singapore 069694, Singapore",4.5,8,$$$
1077,Dashi Master Marusaya,English,1.290095197,103.8371119,"86 Robertson Quay, #01-01, Singapore 238245, Singapore",4,2,$$$
1078,Kantipur Tandoori,English,1.3100899,103.8564301,"18 Verdun Road, #01-01 & 02-01, Singapore 207280, Singapore",4,1,$$$
1079,Blu Kouzina,English,1.30331,103.81041,"10 Dempsey Rd, #01-21, Dempsey Hill, Singapore 247700, Singapore",4.5,24,$$$
1080,Tomi Sushi,English,1.319782,103.843661,"238 Thomson Rd, #02-76/77, Singapore 307683, Singapore",4,19,$$$
1081,Shabestan,English,1.290909203,103.8404525,"80 Mohammed Sultan Rd, #01-13, The Pier at Robertson Quay, Singapore 239013, Singapore",4.5,21,$$$
1082,Seoul Yummy,English,1.304247912,103.831891,"ION Orchard, 2 Orchard Turn, #B2-22, Singapore 238801, Singapore",4,2,$$$
1083,Wah Lok Cantonese Restaurant,English,1.296078903,103.8525358,"76 Bras Basah Rd, Level 2, Singapore 189558, Singapore",4,17,$$$
1084,Fine Palate Cafe,English,1.29826,103.851181,"51 Waterloo Street, #01-04/05, Singapore 187969, Singapore",4.5,2,$$$
1085,Nagae,English,1.29041,103.8350296,"392 Havelock Road, Singapore 169663, Singapore",4,7,$$$
1086,TWG Tea Salon & Boutique,English,1.2835,103.85068,"9 Raffles Pl, #01-22, Republic Plaza, Singapore 048619, Singapore",4,4,$$$
1087,Cin Cin,English,1.275907433,103.8446534,"100 Peck Seah St, #01-02, Singapore 079333, Singapore",4,3,$$$
1088,The Peranakan,English,1.307166193,103.8286007,"442 Orchard Rd, #02-01, Orchard Hotel, Claymore Connect, Singapore 238879, Singapore",3,13,$$$
1089,Fish Mart Sakuraya,English,1.289252651,103.8055507,"370A Alexandra Road, Singapore 159954, Singapore",4.5,4,$$$
1090,Hai Di Lao,English,1.300373148,103.8380782,"313 Orchard Road, Level 4, 313@somerset, Singapore 238895, Singapore",4.5,15,$$$
1091,Maharajah,English,1.28657,103.84948,"41 Boat Quay, Singapore 049830, Singapore",4.5,9,$$$
1092,Chao Shan Cuisine,English,1.28437,103.84986,"17 Philip St, #01-01/02, Grand Building, Singapore 048695, Singapore",4,3,$$$
1093,Bincho at Hua Bee,English,1.283741,103.8304062,"78 Moh Guan Terrace, #01-19, Singapore 162078, Singapore",4,15,$$$
1094,Big Street,English,1.30619,103.85597,"104/106 Jalan Besar, Singapore 208828, Singapore",4,3,$$$
1095,Shang Palace,English,1.311153,103.826574,"22 Orange Grove Rd, Singapore 258350, Singapore",4.5,7,$$$
1096,Beauty in the Pot,English,1.301580063,103.8396018,"176 Orchard Rd, #05-15/16, Singapore 238843, Singapore",4,6,$$$
1097,SushiAirways Sushibar,English,1.30117,103.8597336,"20A Baghdad Street, Singapore 199659, Singapore",3.5,7,$$$
1098,Sushi Jin,English,1.31212,103.8541565,"1 Farrer Park Station Road, #01-11/12, Owen Link, Singapore 217562, Singapore",4,8,$$$
1099,Ash & Elm,English,1.29816,103.8548,"80 Middle Road, Level 1, Singapore 188966, Singapore",4,8,$$$
1100,Sky Bar,English,1.25019,103.8273087,"Resorts World Sentosa, L/11 Hotel Michael, 39 Artillery Ave, Singapore 099958, Singapore",4,1,$$$
1101,Firebake,English,1.307885083,103.907465,"237 East Coast Rd, Level 1, Singapore 428930, Singapore",3,4,$$$
1102,Red House,English,1.2903566,103.8394691,"60 Robertson Quay, #01-14, The Quayside, Singapore 238252, Singapore",4,30,$$$
1151,Wah Lok Cantonese Restaurant,Cantonese,1.296078903,103.8525358,"76 Bras Basah Rd, Level 2, Singapore 189558, Singapore",4,17,$$$
1152,Shang Palace,Cantonese,1.311153,103.826574,"22 Orange Grove Rd, Singapore 258350, Singapore",4.5,7,$$$
1153,Jade Palace Seafood,Cantonese,1.307602846,103.8286972,"583 Orchard Rd, #B1-13, Singapore 238884, Singapore",3.5,10,$$$
1154,Xin Yue Cantonese Restaurant,Cantonese,1.293419961,103.8417103,"207 River Valley Rd, #01-51/54, Singapore 238275, Singapore",4,2,$$$
1155,London Fat Duck,Cantonese,1.305643331,103.8328104,"6 Scotts Rd, #B1-16/17, Singapore 228209, Singapore",3,12,$$$
1156,TungLok Xihe Peking Duck,Cantonese,1.30111,103.8394699,"181 Orchard Road, #07-07/09, Orchard Central, Singapore 238896, Singapore",2.5,4,$$$
1157,Peach Garden Noodle House,Cantonese,1.3625864,103.9898234,"80 Airport Boulevard, Departure Transit Lounge Mezzanine Level 3, Changi Airport Terminal 1, Singapore 819642, Singapore",4,6,$$$
1158,Lei Garden,Cantonese,1.295327,103.852358,"30 Victoria St, #01-24, Singapore 187996, Singapore",4,17,$$$
1159,Spring Court,Cantonese,1.28431,103.8445206,"52 Upper Cross St, Singapore 058348, Singapore",3.5,8,$$$
1160,Min Jiang,Cantonese,1.308375,103.834396,"22 Scotts Rd, Singapore 228221, Singapore",3.5,7,$$$
1161,Tim Ho Wan,Cantonese,1.334062001,103.7426065,"3 Gateway Dr, #01-13/14, Singapore 608532, Singapore",4,12,$$$
1162,Si Chuan Dou Hua,Cantonese,1.2852903,103.8501032,"80 Raffles Place, #60-01, UOB Plaza, Singapore 048624, Singapore",3.5,13,$$$
1163,Peony Jade @ Keppel Club,Cantonese,1.26684,103.8074265,"10 Bukit Chermin Rd, Singapore 109918, Singapore",4,6,$$$
1164,Man Fu Yuan,Cantonese,1.298522,103.85508,"80 Middle Rd, Singapore 188966, Singapore",3.5,11,$$$
1165,Canton Paradise,Cantonese,1.32476,103.9290771,"311 New Upper Changi Rd, #B2-10, Bedok Mall, Singapore 460209, Singapore",3.5,3,$$$
1166,Golden Peony,Cantonese,1.29352,103.85875,"2 Temasek Blvd, Level 3, Singapore 038983, Singapore",2.5,4,$$$
1167,Garden View Restaurant,Cantonese,1.329570294,103.980013,"25 Changi Coast Road, Tanah Merah Country Club, Singapore 499803, Singapore",4,1,$$$
1168,Lime House,Caribbean,1.2796894,103.8417149,"2 Jiak Chuan Road, Singapore 089260, Singapore",3.5,17,$$$
1269,Hai Di Lao,Chinese,1.289833,103.845535,"3D River Valley Rd, #02-04, Singapore 179023, Singapore",4,42,$$$
1270,Wah Lok Cantonese Restaurant,Chinese,1.296078903,103.8525358,"76 Bras Basah Rd, Level 2, Singapore 189558, Singapore",4,17,$$$
1271,Chao Shan Cuisine,Chinese,1.28437,103.84986,"17 Philip St, #01-01/02, Grand Building, Singapore 048695, Singapore",4,3,$$$
1272,Shang Palace,Chinese,1.311153,103.826574,"22 Orange Grove Rd, Singapore 258350, Singapore",4.5,7,$$$
1273,Beauty in the Pot,Chinese,1.301580063,103.8396018,"176 Orchard Rd, #05-15/16, Singapore 238843, Singapore",4,6,$$$
1274,Crystal Jade Kitchen,Chinese,1.30107,103.9051666,"80 Marine Parade Road, Parkway Parade #B1-17, Singapore 449269, Singapore",4,1,$$$
1275,Jade Palace Seafood,Chinese,1.307602846,103.8286972,"583 Orchard Rd, #B1-13, Singapore 238884, Singapore",3.5,10,$$$
1276,Roland,Chinese,1.30110071,103.9065677,"89 Marine Parade Central, Singapore 440089, Singapore",4.5,15,$$$
1277,Le Chasseur,Chinese,1.320742,103.899572,"27 Eunos Road 2, Singapore 409387, Singapore",3,2,$$$
1278,Xin Yue Cantonese Restaurant,Chinese,1.293419961,103.8417103,"207 River Valley Rd, #01-51/54, Singapore 238275, Singapore",4,2,$$$
1279,Peach Garden,Chinese,1.28853,103.837394,"401 Havelock Rd, Level 3, Singapore 169631, Singapore",3.5,8,$$$
1280,Ampang Niang Tou Fu,Chinese,1.30767,103.90714,"225 East Coast Rd, Singapore 428922, Singapore",4,4,$$$
1281,Blue Lotus Chinese Eating House,Chinese,1.2498743,103.8418398,"31 Ocean Way, #01-13, Quayside Isle 098375, Singapore",4,5,$$$
1282,Eng Seng Restaurant,Chinese,1.31436,103.9058914,"247/249 Joo Chiat Place, Singapore 427935, Singapore",4,11,$$$
1283,Chopsuey Cafe,Chinese,1.30331,103.81041,"Blk 10, Dempsey Road, #01-23, Singapore 247700, Singapore",4,21,$$$
1284,Longqing Hotpot,Chinese,1.287667077,103.8472527,"18 Hongkong St, Singapore 059661, Singapore",5,5,$$$
1285,Jiang-Nan Chun,Chinese,1.3052,103.82866,"190 Orchard Blvd, Singapore 248646, Singapore",4.5,7,$$$
1286,London Fat Duck,Chinese,1.305643331,103.8328104,"6 Scotts Rd, #B1-16/17, Singapore 228209, Singapore",3,12,$$$
1287,Teck Ee Rice & Porridge,Chinese,1.3097,103.9020615,"Blk 300, Joo Chiat Road, Tin Yeang Restaurant, Singapore 427551, Singapore",4,4,$$$
1288,Uncle Leong Seafood,Chinese,1.34411,103.7411499,"262 Jurong East St 24, #01-485, Singapore 600262, Singapore",3.5,3,$$$
1289,TungLok Xihe Peking Duck,Chinese,1.30111,103.8394699,"181 Orchard Road, #07-07/09, Orchard Central, Singapore 238896, Singapore",2.5,4,$$$
1290,Pin Si,Chinese,1.42424,103.8407288,"60 Yishun Ave 4, #02-VI Safra Yishun Country Club, Singapore 769027, Singapore",4.5,5,$$$
1291,Peach Garden Noodle House,Chinese,1.3625864,103.9898234,"80 Airport Boulevard, Departure Transit Lounge Mezzanine Level 3, Changi Airport Terminal 1, Singapore 819642, Singapore",4,6,$$$
1292,Blue Ginger,Chinese,1.27755202,103.8438,"97 Tanjong Pagar Rd, Singapore 088518, Singapore",4,35,$$$
1293,Lei Garden,Chinese,1.295327,103.852358,"30 Victoria St, #01-24, Singapore 187996, Singapore",4,17,$$$
1294,The Magic of Chongqing Hot Pot,Chinese,1.3062,103.826622,"19 Tanglin Road, #04-06, Tanglin Shopping Centre, Singapore 247909, Singapore",3.5,8,$$$
1295,Prima Tower Revolving Restaurant,Chinese,1.26508,103.82556,"201 Keppel Rd, Singapore 099419, Singapore",4,6,$$$
1296,Chuan Yuan Restaurant,Chinese,1.29017,103.852,"Pagoda Street 79/79A/81/81A, just outside Chinatown Mrt Station Exit A, Singapore 059238, Singapore",1,1,$$$
1297,Springleaf Taiwan Porridge,Chinese,1.3717099,103.8292923,"18 Jln Leban, Singapore 577555, Singapore",1,1,$$$
1298,Spring Court,Chinese,1.28431,103.8445206,"52 Upper Cross St, Singapore 058348, Singapore",3.5,8,$$$
1299,Imperial Treasure Steamboat Restaurant,Chinese,1.304240564,103.8318538,"2 Orchard Turn, #04-09/10, Singapore 238801, Singapore",4,11,$$$
1300,Cz'zar,Chinese,1.29414,103.8314972,"1 Kim Seng Promenade, Singapore 237994, Singapore",3,1,$$$
1301,Min Jiang,Chinese,1.308375,103.834396,"22 Scotts Rd, Singapore 228221, Singapore",3.5,7,$$$
1302,Lokkee,Chinese,1.30048,103.84491,"68 Orchard Rd, #03-01, Plaza Singapura, Singapore 238839, Singapore",3.5,6,$$$
1303,Tim Ho Wan,Chinese,1.334062001,103.7426065,"3 Gateway Dr, #01-13/14, Singapore 608532, Singapore",4,12,$$$
1304,Chin Huat Live Seafood,Chinese,1.322290697,103.7695743,"Blk 105 Clementi St 12, #01-30, Singapore 120105, Singapore",4.5,18,$$$
1305,Paradise Teochew,Chinese,1.300545704,103.9007144,"21 Amber Rd, #03-01, Chinese Swimming Club, Singapore 439870, Singapore",3.5,3,$$$
1306,Imperial Treasure,Chinese,1.302559648,103.8352377,"391 Orchard Rd, #04-22, Singapore 238873, Singapore",4,10,$$$
1307,Mu Liang Zai Liang Kee,Chinese,1.289350743,103.828036,"719 Havelock Rd, Singapore 161053, Singapore",4,2,$$$
1308,Din Tai Fung,Chinese,1.33285,103.74333,"50 Jurong Gateway Rd, #02-07, Singapore 609690, Singapore",5,4,$$$
1309,Si Chuan Dou Hua,Chinese,1.2852903,103.8501032,"80 Raffles Place, #60-01, UOB Plaza, Singapore 048624, Singapore",3.5,13,$$$
1310,Chui Huay Lim Teochew Cusine,Chinese,1.312408108,103.8444901,"190 Keng Lee Road, #01-02 Chui Huay Lim Club, Singapore 308409, Singapore",4,13,$$$
1311,Coca Restaurant,Chinese,1.256128902,103.820195,"26 Sentosa Gateway, #01-215 Resorts World Sentosa, Southern Islands 098138, Singapore",1,2,$$$
1312,Grandma's,Chinese,1.295968,103.858967,"3 Temasek Boulevard, #B1-108, Singapore 038983, Singapore",4,4,$$$
1313,Peony Jade @ Keppel Club,Chinese,1.26684,103.8074265,"10 Bukit Chermin Rd, Singapore 109918, Singapore",4,6,$$$
1314,Canton-I,Chinese,1.30407,103.8318176,"2 Orchard Turn, #03-14, Singapore 238801, Singapore",3,4,$$$
1315,Ka-Soh Seafood Restaurant,Chinese,1.282488156,103.835898,"2 College Road, Alumni Medical Centre, Singapore 169850, Singapore",3.5,6,$$$
1316,The Clifford Pier,Chinese,1.2839449,103.8535294,"80 Collyer Quay, Singapore 049326, Singapore",3.5,17,$$$
1317,Man Fu Yuan,Chinese,1.298522,103.85508,"80 Middle Rd, Singapore 188966, Singapore",3.5,11,$$$
1318,Pu Tien Restaurant,Chinese,1.30107,103.9051666,"80 Marine Parade Road, #02-13/13A Parkway Parade, Singapore 449269, Singapore",4,8,$$$
1426,Jumbo Seafood,Finnish,1.288928737,103.8483739,"20 Upper Circular Road, #B1-48, Singapore 058416, Singapore",4,183,$$$
1427,Yardbird Table & Bar,Finnish,1.2837366,103.8591923,"2 Bayfront Ave, #B1-07, Singapore 018972, Singapore",4.5,22,$$$
1428,Coffee Lounge,Finnish,1.308435,103.833928,"22 Scotts Rd, Singapore 228221, Singapore",4.5,4,$$$
1429,The Garden @ Sentosa,Finnish,1.243589023,103.8283539,"2 Bukit Manis Road, Sentosa, Singapore 099891, Singapore",5,2,$$$
1430,Happy Crab,Finnish,1.3022323,103.8610412,"13 Pahang St, Singapore 198613, Singapore",4.5,11,$$$
1431,Hana Hana,Finnish,1.276337245,103.8437165,"1 Tras Link, #01-17, Orchid Hotel, Singapore 078867, Singapore",4,4,$$$
1432,The Naked Finn,Finnish,1.276325,103.804458,"39 Malan Rd, Singapore 109442, Singapore",4.5,19,$$$
1433,Hai Di Lao,Finnish,1.289833,103.845535,"3D River Valley Rd, #02-04, Singapore 179023, Singapore",4,42,$$$
1434,Cook & Brew,Finnish,1.278000852,103.8508256,"12 Marina View, 33rd Floor, Singapore 018961, Singapore",4,14,$$$
1435,8 Korean BBQ,Finnish,1.288706978,103.8466714,"6 Eu Tong Sen Street, #02-70/90, Singapore 059817, Singapore",4,23,$$$
1436,Salted & Hung,Finnish,1.296537233,103.8551941,"12 Purvis St, Singapore 188591, Singapore",4,13,$$$
1437,National Kitchen By Violet Oon,Finnish,1.290618,103.851938,"""1 St Andrews Rd"", #02-01, Singapore 178957, Singapore",4.5,38,$$$
1438,10 Scotts,Finnish,1.3064382,103.83333,"10 Scotts Rd, Lobby Level, Singapore 228211, Singapore",4,14,$$$
1439,My Little Spanish Place,Finnish,1.28717,103.84925,"54 Boat Quay, Singapore 049843, Singapore",4,4,$$$
1440,Sabio By The Sea,Finnish,1.24777,103.8419724,"31 Ocean Way, #01-02, Southern Islands 098367, Singapore",3.5,10,$$$
1441,San Laksa Steamboat,Finnish,1.30988,103.85699,"147 Kitchener Road, Singapore 208524, Singapore",4,8,$$$
1442,Paddy Hills,Finnish,1.28082,103.78702,"38 South Buona Vista Rd, Singapore 118164, Singapore",4,15,$$$
1443,Zzapi,Finnish,1.316404553,103.8355207,"271 Bukit Timah Road, #01-04, Balmoral Plaza, Singapore 259708, Singapore",4,1,$$$
1444,PS Cafe,Finnish,1.306809,103.829511,"390 Orchard Rd, #02-09A, Singapore 238871, Singapore",3.5,29,$$$
1445,The Wall,Finnish,1.27661,103.84406,"76 Tanjong Pagar Rd, Singapore 088497, Singapore",5,1,$$$
1446,Bigmama,Finnish,1.28527,103.829277,"2 Kim Tian Road, Singapore 169244, Singapore",4,17,$$$
1447,Hansik Korean Restaurant,Finnish,1.358690114,103.8845953,"205 Hougang St 21, #02-00, Heartland Mall, Singapore 530205, Singapore",4,6,$$$
1448,Antoinette,Finnish,1.30973,103.86219,"30 Penhas Road, Singapore 208188, Singapore",3.5,22,$$$
1449,My Little Tapas Bar,Finnish,1.2812521,103.8455394,"14 Ann Siang Road, Singapore 069694, Singapore",4.5,8,$$$
1450,Dashi Master Marusaya,Finnish,1.290095197,103.8371119,"86 Robertson Quay, #01-01, Singapore 238245, Singapore",4,2,$$$
1451,Kantipur Tandoori,Finnish,1.3100899,103.8564301,"18 Verdun Road, #01-01 & 02-01, Singapore 207280, Singapore",4,1,$$$
1452,Blu Kouzina,Finnish,1.30331,103.81041,"10 Dempsey Rd, #01-21, Dempsey Hill, Singapore 247700, Singapore",4.5,24,$$$
1453,Tomi Sushi,Finnish,1.319782,103.843661,"238 Thomson Rd, #02-76/77, Singapore 307683, Singapore",4,19,$$$
1454,Shabestan,Finnish,1.290909203,103.8404525,"80 Mohammed Sultan Rd, #01-13, The Pier at Robertson Quay, Singapore 239013, Singapore",4.5,21,$$$
1455,Seoul Yummy,Finnish,1.304247912,103.831891,"ION Orchard, 2 Orchard Turn, #B2-22, Singapore 238801, Singapore",4,2,$$$
1456,Wah Lok Cantonese Restaurant,Finnish,1.296078903,103.8525358,"76 Bras Basah Rd, Level 2, Singapore 189558, Singapore",4,17,$$$
1457,Fine Palate Cafe,Finnish,1.29826,103.851181,"51 Waterloo Street, #01-04/05, Singapore 187969, Singapore",4.5,2,$$$
1458,Nagae,Finnish,1.29041,103.8350296,"392 Havelock Road, Singapore 169663, Singapore",4,7,$$$
1459,TWG Tea Salon & Boutique,Finnish,1.2835,103.85068,"9 Raffles Pl, #01-22, Republic Plaza, Singapore 048619, Singapore",4,4,$$$
1460,Cin Cin,Finnish,1.275907433,103.8446534,"100 Peck Seah St, #01-02, Singapore 079333, Singapore",4,3,$$$
1461,The Peranakan,Finnish,1.307166193,103.8286007,"442 Orchard Rd, #02-01, Orchard Hotel, Claymore Connect, Singapore 238879, Singapore",3,13,$$$
1462,Fish Mart Sakuraya,Finnish,1.289252651,103.8055507,"370A Alexandra Road, Singapore 159954, Singapore",4.5,4,$$$
1463,Hai Di Lao,Finnish,1.300373148,103.8380782,"313 Orchard Road, Level 4, 313@somerset, Singapore 238895, Singapore",4.5,15,$$$
1464,Maharajah,Finnish,1.28657,103.84948,"41 Boat Quay, Singapore 049830, Singapore",4.5,9,$$$
1465,Chao Shan Cuisine,Finnish,1.28437,103.84986,"17 Philip St, #01-01/02, Grand Building, Singapore 048695, Singapore",4,3,$$$
1466,Bincho at Hua Bee,Finnish,1.283741,103.8304062,"78 Moh Guan Terrace, #01-19, Singapore 162078, Singapore",4,15,$$$
1467,Big Street,Finnish,1.30619,103.85597,"104/106 Jalan Besar, Singapore 208828, Singapore",4,3,$$$
1468,Shang Palace,Finnish,1.311153,103.826574,"22 Orange Grove Rd, Singapore 258350, Singapore",4.5,7,$$$
1469,Beauty in the Pot,Finnish,1.301580063,103.8396018,"176 Orchard Rd, #05-15/16, Singapore 238843, Singapore",4,6,$$$
1470,SushiAirways Sushibar,Finnish,1.30117,103.8597336,"20A Baghdad Street, Singapore 199659, Singapore",3.5,7,$$$
1471,Sushi Jin,Finnish,1.31212,103.8541565,"1 Farrer Park Station Road, #01-11/12, Owen Link, Singapore 217562, Singapore",4,8,$$$
1472,Ash & Elm,Finnish,1.29816,103.8548,"80 Middle Road, Level 1, Singapore 188966, Singapore",4,8,$$$
1473,Sky Bar,Finnish,1.25019,103.8273087,"Resorts World Sentosa, L/11 Hotel Michael, 39 Artillery Ave, Singapore 099958, Singapore",4,1,$$$
1474,Firebake,Finnish,1.307885083,103.907465,"237 East Coast Rd, Level 1, Singapore 428930, Singapore",3,4,$$$
1475,Red House,Finnish,1.2903566,103.8394691,"60 Robertson Quay, #01-14, The Quayside, Singapore 238252, Singapore",4,30,$$$
1487,Brotzeit Raffles City,German,1.2946698,103.85303,"252 North Bridge Road, #01-17, Singapore 179103, Singapore",4,23,$$$
1488,Brotzeit Vivocity,German,1.263418,103.82202,"1 Harbourfront Walk, #01-149/151, Singapore 098585, Singapore",3.5,18,$$$
1489,Paulaner Singapore Clarke Quay,German,1.2913782,103.845684,"3B River Valley Road, Singapore 179021, Singapore",3,4,$$$
1518,Pondok Gurame,Indonesian,1.390881427,103.9861038,"2 Netheravon Rd, #04-03, Changi Civil Service Club, Singapore 508503, Singapore",5,1,$$$
1519,Pagi Sore,Indonesian,1.2752699,103.8435,"100 Tras St, #02-28 100AM, Singapore 079027, Singapore",3.5,5,$$$
1620,Jumbo Seafood,Jamaican,1.288928737,103.8483739,"20 Upper Circular Road, #B1-48, Singapore 058416, Singapore",4,183,$$$
1621,Yardbird Table & Bar,Jamaican,1.2837366,103.8591923,"2 Bayfront Ave, #B1-07, Singapore 018972, Singapore",4.5,22,$$$
1622,Coffee Lounge,Jamaican,1.308435,103.833928,"22 Scotts Rd, Singapore 228221, Singapore",4.5,4,$$$
1623,The Garden @ Sentosa,Jamaican,1.243589023,103.8283539,"2 Bukit Manis Road, Sentosa, Singapore 099891, Singapore",5,2,$$$
1624,Happy Crab,Jamaican,1.3022323,103.8610412,"13 Pahang St, Singapore 198613, Singapore",4.5,11,$$$
1625,Hana Hana,Jamaican,1.276337245,103.8437165,"1 Tras Link, #01-17, Orchid Hotel, Singapore 078867, Singapore",4,4,$$$
1626,The Naked Finn,Jamaican,1.276325,103.804458,"39 Malan Rd, Singapore 109442, Singapore",4.5,19,$$$
1627,Hai Di Lao,Jamaican,1.289833,103.845535,"3D River Valley Rd, #02-04, Singapore 179023, Singapore",4,42,$$$
1628,Cook & Brew,Jamaican,1.278000852,103.8508256,"12 Marina View, 33rd Floor, Singapore 018961, Singapore",4,14,$$$
1629,8 Korean BBQ,Jamaican,1.288706978,103.8466714,"6 Eu Tong Sen Street, #02-70/90, Singapore 059817, Singapore",4,23,$$$
1630,Salted & Hung,Jamaican,1.296537233,103.8551941,"12 Purvis St, Singapore 188591, Singapore",4,13,$$$
1631,National Kitchen By Violet Oon,Jamaican,1.290618,103.851938,"""1 St Andrews Rd"", #02-01, Singapore 178957, Singapore",4.5,38,$$$
1632,10 Scotts,Jamaican,1.3064382,103.83333,"10 Scotts Rd, Lobby Level, Singapore 228211, Singapore",4,14,$$$
1633,My Little Spanish Place,Jamaican,1.28717,103.84925,"54 Boat Quay, Singapore 049843, Singapore",4,4,$$$
1634,Sabio By The Sea,Jamaican,1.24777,103.8419724,"31 Ocean Way, #01-02, Southern Islands 098367, Singapore",3.5,10,$$$
1635,San Laksa Steamboat,Jamaican,1.30988,103.85699,"147 Kitchener Road, Singapore 208524, Singapore",4,8,$$$
1636,Paddy Hills,Jamaican,1.28082,103.78702,"38 South Buona Vista Rd, Singapore 118164, Singapore",4,15,$$$
1637,Zzapi,Jamaican,1.316404553,103.8355207,"271 Bukit Timah Road, #01-04, Balmoral Plaza, Singapore 259708, Singapore",4,1,$$$
1638,PS Cafe,Jamaican,1.306809,103.829511,"390 Orchard Rd, #02-09A, Singapore 238871, Singapore",3.5,29,$$$
1639,The Wall,Jamaican,1.27661,103.84406,"76 Tanjong Pagar Rd, Singapore 088497, Singapore",5,1,$$$
1640,Bigmama,Jamaican,1.28527,103.829277,"2 Kim Tian Road, Singapore 169244, Singapore",4,17,$$$
1641,Hansik Korean Restaurant,Jamaican,1.358690114,103.8845953,"205 Hougang St 21, #02-00, Heartland Mall, Singapore 530205, Singapore",4,6,$$$
1642,Antoinette,Jamaican,1.30973,103.86219,"30 Penhas Road, Singapore 208188, Singapore",3.5,22,$$$
1643,My Little Tapas Bar,Jamaican,1.2812521,103.8455394,"14 Ann Siang Road, Singapore 069694, Singapore",4.5,8,$$$
1644,Dashi Master Marusaya,Jamaican,1.290095197,103.8371119,"86 Robertson Quay, #01-01, Singapore 238245, Singapore",4,2,$$$
1645,Kantipur Tandoori,Jamaican,1.3100899,103.8564301,"18 Verdun Road, #01-01 & 02-01, Singapore 207280, Singapore",4,1,$$$
1646,Blu Kouzina,Jamaican,1.30331,103.81041,"10 Dempsey Rd, #01-21, Dempsey Hill, Singapore 247700, Singapore",4.5,24,$$$
1647,Tomi Sushi,Jamaican,1.319782,103.843661,"238 Thomson Rd, #02-76/77, Singapore 307683, Singapore",4,19,$$$
1648,Shabestan,Jamaican,1.290909203,103.8404525,"80 Mohammed Sultan Rd, #01-13, The Pier at Robertson Quay, Singapore 239013, Singapore",4.5,21,$$$
1649,Seoul Yummy,Jamaican,1.304247912,103.831891,"ION Orchard, 2 Orchard Turn, #B2-22, Singapore 238801, Singapore",4,2,$$$
1650,Wah Lok Cantonese Restaurant,Jamaican,1.296078903,103.8525358,"76 Bras Basah Rd, Level 2, Singapore 189558, Singapore",4,17,$$$
1651,Fine Palate Cafe,Jamaican,1.29826,103.851181,"51 Waterloo Street, #01-04/05, Singapore 187969, Singapore",4.5,2,$$$
1652,Nagae,Jamaican,1.29041,103.8350296,"392 Havelock Road, Singapore 169663, Singapore",4,7,$$$
1653,TWG Tea Salon & Boutique,Jamaican,1.2835,103.85068,"9 Raffles Pl, #01-22, Republic Plaza, Singapore 048619, Singapore",4,4,$$$
1654,Cin Cin,Jamaican,1.275907433,103.8446534,"100 Peck Seah St, #01-02, Singapore 079333, Singapore",4,3,$$$
1655,The Peranakan,Jamaican,1.307166193,103.8286007,"442 Orchard Rd, #02-01, Orchard Hotel, Claymore Connect, Singapore 238879, Singapore",3,13,$$$
1656,Fish Mart Sakuraya,Jamaican,1.289252651,103.8055507,"370A Alexandra Road, Singapore 159954, Singapore",4.5,4,$$$
1657,Hai Di Lao,Jamaican,1.300373148,103.8380782,"313 Orchard Road, Level 4, 313@somerset, Singapore 238895, Singapore",4.5,15,$$$
1658,Maharajah,Jamaican,1.28657,103.84948,"41 Boat Quay, Singapore 049830, Singapore",4.5,9,$$$
1659,Chao Shan Cuisine,Jamaican,1.28437,103.84986,"17 Philip St, #01-01/02, Grand Building, Singapore 048695, Singapore",4,3,$$$
1660,Bincho at Hua Bee,Jamaican,1.283741,103.8304062,"78 Moh Guan Terrace, #01-19, Singapore 162078, Singapore",4,15,$$$
1661,Big Street,Jamaican,1.30619,103.85597,"104/106 Jalan Besar, Singapore 208828, Singapore",4,3,$$$
1662,Shang Palace,Jamaican,1.311153,103.826574,"22 Orange Grove Rd, Singapore 258350, Singapore",4.5,7,$$$
1663,Beauty in the Pot,Jamaican,1.301580063,103.8396018,"176 Orchard Rd, #05-15/16, Singapore 238843, Singapore",4,6,$$$
1664,SushiAirways Sushibar,Jamaican,1.30117,103.8597336,"20A Baghdad Street, Singapore 199659, Singapore",3.5,7,$$$
1665,Sushi Jin,Jamaican,1.31212,103.8541565,"1 Farrer Park Station Road, #01-11/12, Owen Link, Singapore 217562, Singapore",4,8,$$$
1666,Ash & Elm,Jamaican,1.29816,103.8548,"80 Middle Road, Level 1, Singapore 188966, Singapore",4,8,$$$
1667,Sky Bar,Jamaican,1.25019,103.8273087,"Resorts World Sentosa, L/11 Hotel Michael, 39 Artillery Ave, Singapore 099958, Singapore",4,1,$$$
1668,Firebake,Jamaican,1.307885083,103.907465,"237 East Coast Rd, Level 1, Singapore 428930, Singapore",3,4,$$$
1669,Red House,Jamaican,1.2903566,103.8394691,"60 Robertson Quay, #01-14, The Quayside, Singapore 238252, Singapore",4,30,$$$
1688,Blu Kouzina,Mediterranean,1.30331,103.81041,"10 Dempsey Rd, #01-21, Dempsey Hill, Singapore 247700, Singapore",4.5,24,$$$
1689,Pollen,Mediterranean,1.284733313,103.8647894,"211 Marina Way, Singapore 018977, Singapore",3,1,$$$
1690,Ambrosia,Mediterranean,1.30136,103.8597183,"19 & 25a Baghdad St, Singapore 199658, Singapore",1.5,2,$$$
1691,Original Sin,Mediterranean,1.311231,103.796539,"43 Jln Merah Saga, #01-62, Singapore 278115, Singapore",3.5,23,$$$
1692,UNA at One Rochester,Mediterranean,1.305308,103.787689,"1 Rochester Park, Singapore 139212, Singapore",3.5,4,$$$
1693,Medzs,Mediterranean,1.300650846,103.8389947,"Orchard Central, 181 Orchard Road, #B2-01/03, Singapore 238896, Singapore",3.5,14,$$$
1714,Margarita's Dempsey Hill,Mexican,1.304008601,103.8102308,"11 Dempsey Rd, #01-19, Singapore 249673, Singapore",3.5,26,$$$
1715,Super Loco,Mexican,1.29026,103.83919,"60 Robertson Quay, #01-13, Singapore 238252, Singapore",2.5,47,$$$
1716,Lucha Loco,Mexican,1.278970824,103.8432071,"15 Duxton Hill, Singapore 089598, Singapore",3.5,42,$$$
1717,Muchos,Mexican,1.299200168,103.8450523,"68, Orchard Road, #01-34C, Plaza Singapura, Singapore 238839, Singapore",2,8,$$$
1718,El Mero Mero,Mexican,1.295027,103.85249,"30 Victoria St, #01-20, Singapore 187996, Singapore",2.5,34,$$$
1819,Jumbo Seafood,Nepalese,1.288928737,103.8483739,"20 Upper Circular Road, #B1-48, Singapore 058416, Singapore",4,183,$$$
1820,Yardbird Table & Bar,Nepalese,1.2837366,103.8591923,"2 Bayfront Ave, #B1-07, Singapore 018972, Singapore",4.5,22,$$$
1821,Coffee Lounge,Nepalese,1.308435,103.833928,"22 Scotts Rd, Singapore 228221, Singapore",4.5,4,$$$
1822,The Garden @ Sentosa,Nepalese,1.243589023,103.8283539,"2 Bukit Manis Road, Sentosa, Singapore 099891, Singapore",5,2,$$$
1823,Happy Crab,Nepalese,1.3022323,103.8610412,"13 Pahang St, Singapore 198613, Singapore",4.5,11,$$$
1824,Hana Hana,Nepalese,1.276337245,103.8437165,"1 Tras Link, #01-17, Orchid Hotel, Singapore 078867, Singapore",4,4,$$$
1825,The Naked Finn,Nepalese,1.276325,103.804458,"39 Malan Rd, Singapore 109442, Singapore",4.5,19,$$$
1826,Hai Di Lao,Nepalese,1.289833,103.845535,"3D River Valley Rd, #02-04, Singapore 179023, Singapore",4,42,$$$
1827,Cook & Brew,Nepalese,1.278000852,103.8508256,"12 Marina View, 33rd Floor, Singapore 018961, Singapore",4,14,$$$
1828,8 Korean BBQ,Nepalese,1.288706978,103.8466714,"6 Eu Tong Sen Street, #02-70/90, Singapore 059817, Singapore",4,23,$$$
1829,Salted & Hung,Nepalese,1.296537233,103.8551941,"12 Purvis St, Singapore 188591, Singapore",4,13,$$$
1830,National Kitchen By Violet Oon,Nepalese,1.290618,103.851938,"""1 St Andrews Rd"", #02-01, Singapore 178957, Singapore",4.5,38,$$$
1831,10 Scotts,Nepalese,1.3064382,103.83333,"10 Scotts Rd, Lobby Level, Singapore 228211, Singapore",4,14,$$$
1832,My Little Spanish Place,Nepalese,1.28717,103.84925,"54 Boat Quay, Singapore 049843, Singapore",4,4,$$$
1833,Sabio By The Sea,Nepalese,1.24777,103.8419724,"31 Ocean Way, #01-02, Southern Islands 098367, Singapore",3.5,10,$$$
1834,San Laksa Steamboat,Nepalese,1.30988,103.85699,"147 Kitchener Road, Singapore 208524, Singapore",4,8,$$$
1835,Paddy Hills,Nepalese,1.28082,103.78702,"38 South Buona Vista Rd, Singapore 118164, Singapore",4,15,$$$
1836,Zzapi,Nepalese,1.316404553,103.8355207,"271 Bukit Timah Road, #01-04, Balmoral Plaza, Singapore 259708, Singapore",4,1,$$$
1837,PS Cafe,Nepalese,1.306809,103.829511,"390 Orchard Rd, #02-09A, Singapore 238871, Singapore",3.5,29,$$$
1838,The Wall,Nepalese,1.27661,103.84406,"76 Tanjong Pagar Rd, Singapore 088497, Singapore",5,1,$$$
1839,Bigmama,Nepalese,1.28527,103.829277,"2 Kim Tian Road, Singapore 169244, Singapore",4,17,$$$
1840,Hansik Korean Restaurant,Nepalese,1.358690114,103.8845953,"205 Hougang St 21, #02-00, Heartland Mall, Singapore 530205, Singapore",4,6,$$$
1841,Antoinette,Nepalese,1.30973,103.86219,"30 Penhas Road, Singapore 208188, Singapore",3.5,22,$$$
1842,My Little Tapas Bar,Nepalese,1.2812521,103.8455394,"14 Ann Siang Road, Singapore 069694, Singapore",4.5,8,$$$
1843,Dashi Master Marusaya,Nepalese,1.290095197,103.8371119,"86 Robertson Quay, #01-01, Singapore 238245, Singapore",4,2,$$$
1844,Kantipur Tandoori,Nepalese,1.3100899,103.8564301,"18 Verdun Road, #01-01 & 02-01, Singapore 207280, Singapore",4,1,$$$
1845,Blu Kouzina,Nepalese,1.30331,103.81041,"10 Dempsey Rd, #01-21, Dempsey Hill, Singapore 247700, Singapore",4.5,24,$$$
1846,Tomi Sushi,Nepalese,1.319782,103.843661,"238 Thomson Rd, #02-76/77, Singapore 307683, Singapore",4,19,$$$
1847,Shabestan,Nepalese,1.290909203,103.8404525,"80 Mohammed Sultan Rd, #01-13, The Pier at Robertson Quay, Singapore 239013, Singapore",4.5,21,$$$
1848,Seoul Yummy,Nepalese,1.304247912,103.831891,"ION Orchard, 2 Orchard Turn, #B2-22, Singapore 238801, Singapore",4,2,$$$
1849,Wah Lok Cantonese Restaurant,Nepalese,1.296078903,103.8525358,"76 Bras Basah Rd, Level 2, Singapore 189558, Singapore",4,17,$$$
1850,Fine Palate Cafe,Nepalese,1.29826,103.851181,"51 Waterloo Street, #01-04/05, Singapore 187969, Singapore",4.5,2,$$$
1851,Nagae,Nepalese,1.29041,103.8350296,"392 Havelock Road, Singapore 169663, Singapore",4,7,$$$
1852,TWG Tea Salon & Boutique,Nepalese,1.2835,103.85068,"9 Raffles Pl, #01-22, Republic Plaza, Singapore 048619, Singapore",4,4,$$$
1853,Cin Cin,Nepalese,1.275907433,103.8446534,"100 Peck Seah St, #01-02, Singapore 079333, Singapore",4,3,$$$
1854,The Peranakan,Nepalese,1.307166193,103.8286007,"442 Orchard Rd, #02-01, Orchard Hotel, Claymore Connect, Singapore 238879, Singapore",3,13,$$$
1855,Fish Mart Sakuraya,Nepalese,1.289252651,103.8055507,"370A Alexandra Road, Singapore 159954, Singapore",4.5,4,$$$
1856,Hai Di Lao,Nepalese,1.300373148,103.8380782,"313 Orchard Road, Level 4, 313@somerset, Singapore 238895, Singapore",4.5,15,$$$
1857,Maharajah,Nepalese,1.28657,103.84948,"41 Boat Quay, Singapore 049830, Singapore",4.5,9,$$$
1858,Chao Shan Cuisine,Nepalese,1.28437,103.84986,"17 Philip St, #01-01/02, Grand Building, Singapore 048695, Singapore",4,3,$$$
1859,Bincho at Hua Bee,Nepalese,1.283741,103.8304062,"78 Moh Guan Terrace, #01-19, Singapore 162078, Singapore",4,15,$$$
1860,Big Street,Nepalese,1.30619,103.85597,"104/106 Jalan Besar, Singapore 208828, Singapore",4,3,$$$
1861,Shang Palace,Nepalese,1.311153,103.826574,"22 Orange Grove Rd, Singapore 258350, Singapore",4.5,7,$$$
1862,Beauty in the Pot,Nepalese,1.301580063,103.8396018,"176 Orchard Rd, #05-15/16, Singapore 238843, Singapore",4,6,$$$
1863,SushiAirways Sushibar,Nepalese,1.30117,103.8597336,"20A Baghdad Street, Singapore 199659, Singapore",3.5,7,$$$
1864,Sushi Jin,Nepalese,1.31212,103.8541565,"1 Farrer Park Station Road, #01-11/12, Owen Link, Singapore 217562, Singapore",4,8,$$$
1865,Ash & Elm,Nepalese,1.29816,103.8548,"80 Middle Road, Level 1, Singapore 188966, Singapore",4,8,$$$
1866,Sky Bar,Nepalese,1.25019,103.8273087,"Resorts World Sentosa, L/11 Hotel Michael, 39 Artillery Ave, Singapore 099958, Singapore",4,1,$$$
1867,Firebake,Nepalese,1.307885083,103.907465,"237 East Coast Rd, Level 1, Singapore 428930, Singapore",3,4,$$$
1868,Red House,Nepalese,1.2903566,103.8394691,"60 Robertson Quay, #01-14, The Quayside, Singapore 238252, Singapore",4,30,$$$
1969,Jumbo Seafood,Peranakan,1.288928737,103.8483739,"20 Upper Circular Road, #B1-48, Singapore 058416, Singapore",4,183,$$$
1970,Yardbird Table & Bar,Peranakan,1.2837366,103.8591923,"2 Bayfront Ave, #B1-07, Singapore 018972, Singapore",4.5,22,$$$
1971,Coffee Lounge,Peranakan,1.308435,103.833928,"22 Scotts Rd, Singapore 228221, Singapore",4.5,4,$$$
1972,The Garden @ Sentosa,Peranakan,1.243589023,103.8283539,"2 Bukit Manis Road, Sentosa, Singapore 099891, Singapore",5,2,$$$
1973,Happy Crab,Peranakan,1.3022323,103.8610412,"13 Pahang St, Singapore 198613, Singapore",4.5,11,$$$
1974,Hana Hana,Peranakan,1.276337245,103.8437165,"1 Tras Link, #01-17, Orchid Hotel, Singapore 078867, Singapore",4,4,$$$
1975,The Naked Finn,Peranakan,1.276325,103.804458,"39 Malan Rd, Singapore 109442, Singapore",4.5,19,$$$
1976,Hai Di Lao,Peranakan,1.289833,103.845535,"3D River Valley Rd, #02-04, Singapore 179023, Singapore",4,42,$$$
1977,Cook & Brew,Peranakan,1.278000852,103.8508256,"12 Marina View, 33rd Floor, Singapore 018961, Singapore",4,14,$$$
1978,8 Korean BBQ,Peranakan,1.288706978,103.8466714,"6 Eu Tong Sen Street, #02-70/90, Singapore 059817, Singapore",4,23,$$$
1979,Salted & Hung,Peranakan,1.296537233,103.8551941,"12 Purvis St, Singapore 188591, Singapore",4,13,$$$
1980,National Kitchen By Violet Oon,Peranakan,1.290618,103.851938,"""1 St Andrews Rd"", #02-01, Singapore 178957, Singapore",4.5,38,$$$
1981,10 Scotts,Peranakan,1.3064382,103.83333,"10 Scotts Rd, Lobby Level, Singapore 228211, Singapore",4,14,$$$
1982,My Little Spanish Place,Peranakan,1.28717,103.84925,"54 Boat Quay, Singapore 049843, Singapore",4,4,$$$
1983,Sabio By The Sea,Peranakan,1.24777,103.8419724,"31 Ocean Way, #01-02, Southern Islands 098367, Singapore",3.5,10,$$$
1984,San Laksa Steamboat,Peranakan,1.30988,103.85699,"147 Kitchener Road, Singapore 208524, Singapore",4,8,$$$
1985,Paddy Hills,Peranakan,1.28082,103.78702,"38 South Buona Vista Rd, Singapore 118164, Singapore",4,15,$$$
1986,Zzapi,Peranakan,1.316404553,103.8355207,"271 Bukit Timah Road, #01-04, Balmoral Plaza, Singapore 259708, Singapore",4,1,$$$
1987,PS Cafe,Peranakan,1.306809,103.829511,"390 Orchard Rd, #02-09A, Singapore 238871, Singapore",3.5,29,$$$
1988,The Wall,Peranakan,1.27661,103.84406,"76 Tanjong Pagar Rd, Singapore 088497, Singapore",5,1,$$$
1989,Bigmama,Peranakan,1.28527,103.829277,"2 Kim Tian Road, Singapore 169244, Singapore",4,17,$$$
1990,Hansik Korean Restaurant,Peranakan,1.358690114,103.8845953,"205 Hougang St 21, #02-00, Heartland Mall, Singapore 530205, Singapore",4,6,$$$
1991,Antoinette,Peranakan,1.30973,103.86219,"30 Penhas Road, Singapore 208188, Singapore",3.5,22,$$$
1992,My Little Tapas Bar,Peranakan,1.2812521,103.8455394,"14 Ann Siang Road, Singapore 069694, Singapore",4.5,8,$$$
1993,Dashi Master Marusaya,Peranakan,1.290095197,103.8371119,"86 Robertson Quay, #01-01, Singapore 238245, Singapore",4,2,$$$
1994,Kantipur Tandoori,Peranakan,1.3100899,103.8564301,"18 Verdun Road, #01-01 & 02-01, Singapore 207280, Singapore",4,1,$$$
1995,Blu Kouzina,Peranakan,1.30331,103.81041,"10 Dempsey Rd, #01-21, Dempsey Hill, Singapore 247700, Singapore",4.5,24,$$$
1996,Tomi Sushi,Peranakan,1.319782,103.843661,"238 Thomson Rd, #02-76/77, Singapore 307683, Singapore",4,19,$$$
1997,Shabestan,Peranakan,1.290909203,103.8404525,"80 Mohammed Sultan Rd, #01-13, The Pier at Robertson Quay, Singapore 239013, Singapore",4.5,21,$$$
1998,Seoul Yummy,Peranakan,1.304247912,103.831891,"ION Orchard, 2 Orchard Turn, #B2-22, Singapore 238801, Singapore",4,2,$$$
1999,Wah Lok Cantonese Restaurant,Peranakan,1.296078903,103.8525358,"76 Bras Basah Rd, Level 2, Singapore 189558, Singapore",4,17,$$$
2000,Fine Palate Cafe,Peranakan,1.29826,103.851181,"51 Waterloo Street, #01-04/05, Singapore 187969, Singapore",4.5,2,$$$
2001,Nagae,Peranakan,1.29041,103.8350296,"392 Havelock Road, Singapore 169663, Singapore",4,7,$$$
2002,TWG Tea Salon & Boutique,Peranakan,1.2835,103.85068,"9 Raffles Pl, #01-22, Republic Plaza, Singapore 048619, Singapore",4,4,$$$
2003,Cin Cin,Peranakan,1.275907433,103.8446534,"100 Peck Seah St, #01-02, Singapore 079333, Singapore",4,3,$$$
2004,The Peranakan,Peranakan,1.307166193,103.8286007,"442 Orchard Rd, #02-01, Orchard Hotel, Claymore Connect, Singapore 238879, Singapore",3,13,$$$
2005,Fish Mart Sakuraya,Peranakan,1.289252651,103.8055507,"370A Alexandra Road, Singapore 159954, Singapore",4.5,4,$$$
2006,Hai Di Lao,Peranakan,1.300373148,103.8380782,"313 Orchard Road, Level 4, 313@somerset, Singapore 238895, Singapore",4.5,15,$$$
2007,Maharajah,Peranakan,1.28657,103.84948,"41 Boat Quay, Singapore 049830, Singapore",4.5,9,$$$
2008,Chao Shan Cuisine,Peranakan,1.28437,103.84986,"17 Philip St, #01-01/02, Grand Building, Singapore 048695, Singapore",4,3,$$$
2009,Bincho at Hua Bee,Peranakan,1.283741,103.8304062,"78 Moh Guan Terrace, #01-19, Singapore 162078, Singapore",4,15,$$$
2010,Big Street,Peranakan,1.30619,103.85597,"104/106 Jalan Besar, Singapore 208828, Singapore",4,3,$$$
2011,Shang Palace,Peranakan,1.311153,103.826574,"22 Orange Grove Rd, Singapore 258350, Singapore",4.5,7,$$$
2012,Beauty in the Pot,Peranakan,1.301580063,103.8396018,"176 Orchard Rd, #05-15/16, Singapore 238843, Singapore",4,6,$$$
2013,SushiAirways Sushibar,Peranakan,1.30117,103.8597336,"20A Baghdad Street, Singapore 199659, Singapore",3.5,7,$$$
2014,Sushi Jin,Peranakan,1.31212,103.8541565,"1 Farrer Park Station Road, #01-11/12, Owen Link, Singapore 217562, Singapore",4,8,$$$
2015,Ash & Elm,Peranakan,1.29816,103.8548,"80 Middle Road, Level 1, Singapore 188966, Singapore",4,8,$$$
2016,Sky Bar,Peranakan,1.25019,103.8273087,"Resorts World Sentosa, L/11 Hotel Michael, 39 Artillery Ave, Singapore 099958, Singapore",4,1,$$$
2017,Firebake,Peranakan,1.307885083,103.907465,"237 East Coast Rd, Level 1, Singapore 428930, Singapore",3,4,$$$
2018,Red House,Peranakan,1.2903566,103.8394691,"60 Robertson Quay, #01-14, The Quayside, Singapore 238252, Singapore",4,30,$$$
2020,Shabestan,Persian,1.290909203,103.8404525,"80 Mohammed Sultan Rd, #01-13, The Pier at Robertson Quay, Singapore 239013, Singapore",4.5,21,$$$
2028,Boca Restaurant,Portuguese,1.27878,103.8409729,"6 Bukit Pasoh Rd, Singapore 089820, Singapore",4.5,3,$$$
2058,sufood,Taiwanese,1.29383,103.8533325,"252 North Bridge Road, Raffles City Shopping Centre, #02-19, Singapore, Singapore",4,6,$$$
2059,Joie By Dozo,Taiwanese,1.301571555,103.8388208,"181 Orchard Rd, #12-01, Singapore 238896, Singapore",4.5,21,$$$
2060,Din Tai Fung,Taiwanese,1.33285,103.74333,"50 Jurong Gateway Rd, #02-07, Singapore 609690, Singapore",5,4,$$$
2073,Deli Turk Turkish Cuisine,Turkish,1.313744072,103.9317776,"162 Upper East Coast Road, Singapore 455259, Singapore",2.5,3,$$$
2174,Jumbo Seafood,Indian,1.288928737,103.8483739,"20 Upper Circular Road, #B1-48, Singapore 058416, Singapore",4,183,$$$
2175,Yardbird Table & Bar,Indian,1.2837366,103.8591923,"2 Bayfront Ave, #B1-07, Singapore 018972, Singapore",4.5,22,$$$
2176,Happy Crab,Indian,1.3022323,103.8610412,"13 Pahang St, Singapore 198613, Singapore",4.5,11,$$$
2177,Coffee Lounge,Indian,1.308435,103.833928,"22 Scotts Rd, Singapore 228221, Singapore",4.5,4,$$$
2178,The Garden @ Sentosa,Indian,1.243589023,103.8283539,"2 Bukit Manis Road, Sentosa, Singapore 099891, Singapore",5,2,$$$
2179,Bigmama,Indian,1.28527,103.829277,"2 Kim Tian Road, Singapore 169244, Singapore",4,17,$$$
2180,The Wall,Indian,1.27661,103.84406,"76 Tanjong Pagar Rd, Singapore 088497, Singapore",5,1,$$$
2181,San Laksa Steamboat,Indian,1.30988,103.85699,"147 Kitchener Road, Singapore 208524, Singapore",4,8,$$$
2182,Hana Hana,Indian,1.276337245,103.8437165,"1 Tras Link, #01-17, Orchid Hotel, Singapore 078867, Singapore",4,4,$$$
2183,The Naked Finn,Indian,1.276325,103.804458,"39 Malan Rd, Singapore 109442, Singapore",4.5,19,$$$
2184,Hai Di Lao,Indian,1.289833,103.845535,"3D River Valley Rd, #02-04, Singapore 179023, Singapore",4,42,$$$
2185,Cook & Brew,Indian,1.278000852,103.8508256,"12 Marina View, 33rd Floor, Singapore 018961, Singapore",4,14,$$$
2186,8 Korean BBQ,Indian,1.288706978,103.8466714,"6 Eu Tong Sen Street, #02-70/90, Singapore 059817, Singapore",4,23,$$$
2187,Salted & Hung,Indian,1.296537233,103.8551941,"12 Purvis St, Singapore 188591, Singapore",4,13,$$$
2188,Chao Shan Cuisine,Indian,1.28437,103.84986,"17 Philip St, #01-01/02, Grand Building, Singapore 048695, Singapore",4,3,$$$
2189,Red Eye Smokehouse,Indian,1.31077,103.86106,"1 Cavan Rd, Singapore 209842, Singapore",4.5,10,$$$
2190,National Kitchen By Violet Oon,Indian,1.290618,103.851938,"""1 St Andrews Rd"", #02-01, Singapore 178957, Singapore",4.5,38,$$$
2191,Decker Barbecue,Indian,1.289996091,103.8393263,"60 Robertson Quay, #01-17, Singapore 238252, Singapore",4,21,$$$
2192,10 Scotts,Indian,1.3064382,103.83333,"10 Scotts Rd, Lobby Level, Singapore 228211, Singapore",4,14,$$$
2193,My Little Spanish Place,Indian,1.28717,103.84925,"54 Boat Quay, Singapore 049843, Singapore",4,4,$$$
2194,Sabio By The Sea,Indian,1.24777,103.8419724,"31 Ocean Way, #01-02, Southern Islands 098367, Singapore",3.5,10,$$$
2195,Cin Cin,Indian,1.275907433,103.8446534,"100 Peck Seah St, #01-02, Singapore 079333, Singapore",4,3,$$$
2196,PS Cafe,Indian,1.306809,103.829511,"390 Orchard Rd, #02-09A, Singapore 238871, Singapore",3.5,29,$$$
2197,Zzapi,Indian,1.316404553,103.8355207,"271 Bukit Timah Road, #01-04, Balmoral Plaza, Singapore 259708, Singapore",4,1,$$$
2198,Hansik Korean Restaurant,Indian,1.358690114,103.8845953,"205 Hougang St 21, #02-00, Heartland Mall, Singapore 530205, Singapore",4,6,$$$
2199,My Little Tapas Bar,Indian,1.2812521,103.8455394,"14 Ann Siang Road, Singapore 069694, Singapore",4.5,8,$$$
2200,Antoinette,Indian,1.30973,103.86219,"30 Penhas Road, Singapore 208188, Singapore",3.5,22,$$$
2201,Dashi Master Marusaya,Indian,1.290095197,103.8371119,"86 Robertson Quay, #01-01, Singapore 238245, Singapore",4,2,$$$
2202,Kantipur Tandoori,Indian,1.3100899,103.8564301,"18 Verdun Road, #01-01 & 02-01, Singapore 207280, Singapore",4,1,$$$
2203,Creperie des Arts,Indian,1.29995,103.8499298,"44 Prinsep Street, Singapore 188673, Singapore",4,4,$$$
2204,Blu Kouzina,Indian,1.30331,103.81041,"10 Dempsey Rd, #01-21, Dempsey Hill, Singapore 247700, Singapore",4.5,24,$$$
2205,Himonoya,Indian,1.291983242,103.8413839,"11 Unity St, #02-14, Robertson walk, Singapore, Singapore",4,1,$$$
2206,Shabestan,Indian,1.290909203,103.8404525,"80 Mohammed Sultan Rd, #01-13, The Pier at Robertson Quay, Singapore 239013, Singapore",4.5,21,$$$
2207,Wah Lok Cantonese Restaurant,Indian,1.296078903,103.8525358,"76 Bras Basah Rd, Level 2, Singapore 189558, Singapore",4,17,$$$
2208,Seoul Yummy,Indian,1.304247912,103.831891,"ION Orchard, 2 Orchard Turn, #B2-22, Singapore 238801, Singapore",4,2,$$$
2209,Fine Palate Cafe,Indian,1.29826,103.851181,"51 Waterloo Street, #01-04/05, Singapore 187969, Singapore",4.5,2,$$$
2210,Nagae,Indian,1.29041,103.8350296,"392 Havelock Road, Singapore 169663, Singapore",4,7,$$$
2211,The Peranakan,Indian,1.307166193,103.8286007,"442 Orchard Rd, #02-01, Orchard Hotel, Claymore Connect, Singapore 238879, Singapore",3,13,$$$
2212,Maharajah,Indian,1.28657,103.84948,"41 Boat Quay, Singapore 049830, Singapore",4.5,9,$$$
2213,Coq & Balls,Indian,1.2852519,103.8292453,"6 Kim Tian Rd, Kai Fook Mansion, Singapore 169246, Singapore",4,13,$$$
2214,Fish Mart Sakuraya,Indian,1.289252651,103.8055507,"370A Alexandra Road, Singapore 159954, Singapore",4.5,4,$$$
2215,Hai Di Lao,Indian,1.300373148,103.8380782,"313 Orchard Road, Level 4, 313@somerset, Singapore 238895, Singapore",4.5,15,$$$
2216,Firebake,Indian,1.307885083,103.907465,"237 East Coast Rd, Level 1, Singapore 428930, Singapore",3,4,$$$
2217,Bincho at Hua Bee,Indian,1.283741,103.8304062,"78 Moh Guan Terrace, #01-19, Singapore 162078, Singapore",4,15,$$$
2218,Big Street,Indian,1.30619,103.85597,"104/106 Jalan Besar, Singapore 208828, Singapore",4,3,$$$
2219,Shang Palace,Indian,1.311153,103.826574,"22 Orange Grove Rd, Singapore 258350, Singapore",4.5,7,$$$
2220,SushiAirways Sushibar,Indian,1.30117,103.8597336,"20A Baghdad Street, Singapore 199659, Singapore",3.5,7,$$$
2221,Paddy Hills,Indian,1.28082,103.78702,"38 South Buona Vista Rd, Singapore 118164, Singapore",4,15,$$$
2222,Sushi Jin,Indian,1.31212,103.8541565,"1 Farrer Park Station Road, #01-11/12, Owen Link, Singapore 217562, Singapore",4,8,$$$
2223,Employees Only,Indian,1.28214,103.84752,"112 Amoy St, Singapore 069932, Singapore",4.5,18,$$$