,name,review,cuisine,rating,price
0,Sungei Road Laksa,food phenomenal laksa awesome cheap yet heavy,singaporean,4.5,$
1,Sungei Road Laksa,laksa popular southeast asia spicy noodle soup rice noodle coconut milk curry soup im big fan curry try,singaporean,4.5,$
2,Sungei Road Laksa,laska thing trying still thing love noodles soup prefer simpler clear broth although im fan,singaporean,4.5,$
3,Sungei Road Laksa,food phenomenal laksa awesome cheap yet heavy,singaporean,4.5,$
4,Sungei Road Laksa,laksa popular southeast asia spicy noodle soup rice noodle coconut milk curry soup im big fan curry try,singaporean,4.5,$
5,Sungei Road Laksa,laska thing trying still thing love noodles soup prefer simpler clear broth although im fan,singaporean,4.5,$
6,Sungei Road Laksa,food phenomenal laksa awesome cheap yet heavy,singaporean,4.5,$
7,Sungei Road Laksa,laksa popular southeast asia spicy noodle soup rice noodle coconut milk curry soup im big fan curry try,singaporean,4.5,$
8,Sungei Road Laksa,laska thing trying still thing love noodles soup prefer simpler clear broth although im fan,singaporean,4.5,$
9,Sungei Road Laksa,food phenomenal laksa awesome cheap yet heavy,singaporean,4.5,$
10,Sungei Road Laksa,laksa popular southeast asia spicy noodle soup rice noodle coconut milk curry soup im big fan curry try,singaporean,4.5,$
11,Sungei Road Laksa,laska thing trying still thing love noodles soup prefer simpler clear broth although im fan,singaporean,4.5,$
12,Sungei Road Laksa,food phenomenal laksa awesome cheap yet heavy,singaporean,4.5,$
13,Sungei Road Laksa,laksa popular southeast asia spicy noodle soup rice noodle coconut milk curry soup im big fan curry try,singaporean,4.5,$
14,Sungei Road Laksa,laska thing trying still thing love noodles soup prefer simpler clear broth although im fan,singaporean,4.5,$
15,Sungei Road Laksa,food phenomenal laksa awesome cheap yet heavy,singaporean,4.5,$
16,Sungei Road Laksa,laksa popular southeast asia spicy noodle soup rice noodle coconut milk curry soup im big fan curry try,singaporean,4.5,$
17,Sungei Road Laksa,laska thing trying still thing love noodles soup prefer simpler clear broth although im fan,singaporean,4.5,$
18,Sungei Road Laksa,food phenomenal laksa awesome cheap yet heavy,singaporean,4.5,$
19,Sungei Road Laksa,laksa popular southeast asia spicy noodle soup rice noodle coconut milk curry soup im big fan curry try,singaporean,4.5,$
20,Sungei Road Laksa,laska thing trying still thing love noodles soup prefer simpler clear broth although im fan,singaporean,4.5,$
21,Sungei Road Laksa,food phenomenal laksa awesome cheap yet heavy,singaporean,4.5,$
22,Sungei Road Laksa,laksa popular southeast asia spicy noodle soup rice noodle coconut milk curry soup im big fan curry try,singaporean,4.5,$
23,Sungei Road Laksa,laska thing trying still thing love noodles soup prefer simpler clear broth although im fan,singaporean,4.5,$
24,Sungei Road Laksa,food phenomenal laksa awesome cheap yet heavy,singaporean,4.5,$
25,Sungei Road Laksa,laksa popular southeast asia spicy noodle soup rice noodle coconut milk curry soup im big fan curry try,singaporean,4.5,$
26,Sungei Road Laksa,laska thing trying still thing love noodles soup prefer simpler clear broth although im fan,singaporean,4.5,$
27,Sungei Road Laksa,food phenomenal laksa awesome cheap yet heavy,singaporean,4.5,$
28,Sungei Road Laksa,laksa popular southeast asia spicy noodle soup rice noodle coconut milk curry soup im big fan curry try,singaporean,4.5,$
29,Sungei Road Laksa,laska thing trying still thing love noodles soup prefer simpler clear broth although im fan,singaporean,4.5,$
30,CreatureS,popped lazy saturday lunch felt food okaynothing fantastic slightly pricey though understand costs rising,singaporean,4.0,$$
31,CreatureS,ngoh hiang cuttlefish kueh pie tie lovely presentation homemade pork prawn roll cuttlefish keuh pie tie sambal chilli,singaporean,4.0,$$
32,CreatureS,lovely interior definitely nice ambiance decor personally think place overrated fan peranakan food expectation,singaporean,4.0,$$
33,Tingkat PeraMakan,cute little shop authentic affordable nyonya food boyfriend opted set menu includes main drink two sides dessert,singaporean,4.0,$$
34,Tingkat PeraMakan,stop quick dinner beef rendang delicious！！the inside decor cozy colorful nice friend gathering！,singaporean,4.0,$$
35,Tingkat PeraMakan,hubby came last lunch leaving singapore friend sent us link article talking affordable peranakan food,singaporean,4.0,$$
36,Good Chance Popiah Eating House,youve ever ordered popiah hawker stall said sure would like try make well guess good,singaporean,4.0,$$
37,Good Chance Popiah Eating House,first time selfwrapped popiah place love good fussy popiah eaters like like garlic yucks lard,singaporean,4.0,$$
38,Good Chance Popiah Eating House,first im popiah fan second enjoy diy popiahs hawker center comes diy glad good chance popiah offers,singaporean,4.0,$$
39,Good Chance Popiah Eating House,youve ever ordered popiah hawker stall said sure would like try make well guess good,singaporean,4.0,$$
40,Good Chance Popiah Eating House,first time selfwrapped popiah place love good fussy popiah eaters like like garlic yucks lard,singaporean,4.0,$$
41,Good Chance Popiah Eating House,first im popiah fan second enjoy diy popiahs hawker center comes diy glad good chance popiah offers,singaporean,4.0,$$
42,San Laksa Steamboat,laksa taste great coz coconut milk dense seafood plater beef pork prefer seafood laksa beef pork theres vegetable,singaporean,4.0,$$$
43,San Laksa Steamboat,loved laksa hotpot dang goodthey wil offer option getting different broths laksa chicken suggest dont,singaporean,4.0,$$$
44,San Laksa Steamboat,came group friends weekday evening got treated one best steamboats aka hotpot ive theres parking,singaporean,4.0,$$$
45,San Laksa Steamboat,laksa taste great coz coconut milk dense seafood plater beef pork prefer seafood laksa beef pork theres vegetable,singaporean,4.0,$$$
46,San Laksa Steamboat,loved laksa hotpot dang goodthey wil offer option getting different broths laksa chicken suggest dont,singaporean,4.0,$$$
47,San Laksa Steamboat,came group friends weekday evening got treated one best steamboats aka hotpot ive theres parking,singaporean,4.0,$$$
48,San Laksa Steamboat,laksa taste great coz coconut milk dense seafood plater beef pork prefer seafood laksa beef pork theres vegetable,singaporean,4.0,$$$
49,San Laksa Steamboat,loved laksa hotpot dang goodthey wil offer option getting different broths laksa chicken suggest dont,singaporean,4.0,$$$
50,San Laksa Steamboat,came group friends weekday evening got treated one best steamboats aka hotpot ive theres parking,singaporean,4.0,$$$
51,San Laksa Steamboat,laksa taste great coz coconut milk dense seafood plater beef pork prefer seafood laksa beef pork theres vegetable,singaporean,4.0,$$$
52,San Laksa Steamboat,loved laksa hotpot dang goodthey wil offer option getting different broths laksa chicken suggest dont,singaporean,4.0,$$$
53,San Laksa Steamboat,came group friends weekday evening got treated one best steamboats aka hotpot ive theres parking,singaporean,4.0,$$$
54,San Laksa Steamboat,laksa taste great coz coconut milk dense seafood plater beef pork prefer seafood laksa beef pork theres vegetable,singaporean,4.0,$$$
55,San Laksa Steamboat,loved laksa hotpot dang goodthey wil offer option getting different broths laksa chicken suggest dont,singaporean,4.0,$$$
56,San Laksa Steamboat,came group friends weekday evening got treated one best steamboats aka hotpot ive theres parking,singaporean,4.0,$$$
57,San Laksa Steamboat,laksa taste great coz coconut milk dense seafood plater beef pork prefer seafood laksa beef pork theres vegetable,singaporean,4.0,$$$
58,San Laksa Steamboat,loved laksa hotpot dang goodthey wil offer option getting different broths laksa chicken suggest dont,singaporean,4.0,$$$
59,San Laksa Steamboat,came group friends weekday evening got treated one best steamboats aka hotpot ive theres parking,singaporean,4.0,$$$
60,San Laksa Steamboat,laksa taste great coz coconut milk dense seafood plater beef pork prefer seafood laksa beef pork theres vegetable,singaporean,4.0,$$$
61,San Laksa Steamboat,loved laksa hotpot dang goodthey wil offer option getting different broths laksa chicken suggest dont,singaporean,4.0,$$$
62,San Laksa Steamboat,came group friends weekday evening got treated one best steamboats aka hotpot ive theres parking,singaporean,4.0,$$$
63,San Laksa Steamboat,laksa taste great coz coconut milk dense seafood plater beef pork prefer seafood laksa beef pork theres vegetable,singaporean,4.0,$$$
64,San Laksa Steamboat,loved laksa hotpot dang goodthey wil offer option getting different broths laksa chicken suggest dont,singaporean,4.0,$$$
65,San Laksa Steamboat,came group friends weekday evening got treated one best steamboats aka hotpot ive theres parking,singaporean,4.0,$$$
66,San Laksa Steamboat,laksa taste great coz coconut milk dense seafood plater beef pork prefer seafood laksa beef pork theres vegetable,singaporean,4.0,$$$
67,San Laksa Steamboat,loved laksa hotpot dang goodthey wil offer option getting different broths laksa chicken suggest dont,singaporean,4.0,$$$
68,San Laksa Steamboat,came group friends weekday evening got treated one best steamboats aka hotpot ive theres parking,singaporean,4.0,$$$
69,Big Street,cheapest place get prata night free parallel street parking darts live machine im sold even protector,singaporean,4.0,$$$
70,Big Street,thought id try posh new cafe dinner friend got prata chilli crab offer great combo right must try,singaporean,4.0,$$$
71,Big Street,stopped seeing speculas ice cream window grabbed flat white coffee go super tasty inside nice clean friendly service,singaporean,4.0,$$$
72,Big Street,cheapest place get prata night free parallel street parking darts live machine im sold even protector,singaporean,4.0,$$$
73,Big Street,thought id try posh new cafe dinner friend got prata chilli crab offer great combo right must try,singaporean,4.0,$$$
74,Big Street,stopped seeing speculas ice cream window grabbed flat white coffee go super tasty inside nice clean friendly service,singaporean,4.0,$$$
75,Big Street,cheapest place get prata night free parallel street parking darts live machine im sold even protector,singaporean,4.0,$$$
76,Big Street,thought id try posh new cafe dinner friend got prata chilli crab offer great combo right must try,singaporean,4.0,$$$
77,Big Street,stopped seeing speculas ice cream window grabbed flat white coffee go super tasty inside nice clean friendly service,singaporean,4.0,$$$
78,Big Street,cheapest place get prata night free parallel street parking darts live machine im sold even protector,singaporean,4.0,$$$
79,Big Street,thought id try posh new cafe dinner friend got prata chilli crab offer great combo right must try,singaporean,4.0,$$$
80,Big Street,stopped seeing speculas ice cream window grabbed flat white coffee go super tasty inside nice clean friendly service,singaporean,4.0,$$$
81,Big Street,cheapest place get prata night free parallel street parking darts live machine im sold even protector,singaporean,4.0,$$$
82,Big Street,thought id try posh new cafe dinner friend got prata chilli crab offer great combo right must try,singaporean,4.0,$$$
83,Big Street,stopped seeing speculas ice cream window grabbed flat white coffee go super tasty inside nice clean friendly service,singaporean,4.0,$$$
84,Big Street,cheapest place get prata night free parallel street parking darts live machine im sold even protector,singaporean,4.0,$$$
85,Big Street,thought id try posh new cafe dinner friend got prata chilli crab offer great combo right must try,singaporean,4.0,$$$
86,Big Street,stopped seeing speculas ice cream window grabbed flat white coffee go super tasty inside nice clean friendly service,singaporean,4.0,$$$
87,Big Street,cheapest place get prata night free parallel street parking darts live machine im sold even protector,singaporean,4.0,$$$
88,Big Street,thought id try posh new cafe dinner friend got prata chilli crab offer great combo right must try,singaporean,4.0,$$$
89,Big Street,stopped seeing speculas ice cream window grabbed flat white coffee go super tasty inside nice clean friendly service,singaporean,4.0,$$$
90,Big Street,cheapest place get prata night free parallel street parking darts live machine im sold even protector,singaporean,4.0,$$$
91,Big Street,thought id try posh new cafe dinner friend got prata chilli crab offer great combo right must try,singaporean,4.0,$$$
92,Big Street,stopped seeing speculas ice cream window grabbed flat white coffee go super tasty inside nice clean friendly service,singaporean,4.0,$$$
93,Big Street,cheapest place get prata night free parallel street parking darts live machine im sold even protector,singaporean,4.0,$$$
94,Big Street,thought id try posh new cafe dinner friend got prata chilli crab offer great combo right must try,singaporean,4.0,$$$
95,Big Street,stopped seeing speculas ice cream window grabbed flat white coffee go super tasty inside nice clean friendly service,singaporean,4.0,$$$
96,Hui Wei Chinese Thai Cuisine,time time armed groupon voucher good impression continues good singapore style thaiinspired zi char kopi tiam try signature,thai,4.0,$$
97,Hui Wei Chinese Thai Cuisine,time time armed groupon voucher good impression continues good singapore style thaiinspired zi char kopi tiam try signature,thai,4.0,$$
98,Spicy Thai Thai,something name makes smile love name even joked lady spicy thai thai one day,thai,3.5,$$
99,Spicy Thai Thai,best thai food real thingbut open night great place dine night open air back alley haha,thai,3.5,$$
100,Spicy Thai Thai,wouldnt say im world renowned expert thai food ive eaten street vendors across thailand well michelin star thai restaurant,thai,3.5,$$
101,Lang Nuong Viet Nam,shop always busy love beef pho sandwich beef pho tasty good portion bbq authentic like eat,vietnamese,4.5,$$
102,Lang Nuong Viet Nam,sure long place open pretty solid seems mainly charcoal grill steamboat type restaurant elected,vietnamese,4.5,$$
103,Lang Nuong Viet Nam,amongst hip spots jalan besar area vietnamese barbecue joint assuming shophouse open air tables back,vietnamese,4.5,$$
104,Lang Nuong Viet Nam,shop always busy love beef pho sandwich beef pho tasty good portion bbq authentic like eat,vietnamese,4.5,$$
105,Lang Nuong Viet Nam,sure long place open pretty solid seems mainly charcoal grill steamboat type restaurant elected,vietnamese,4.5,$$
106,Lang Nuong Viet Nam,amongst hip spots jalan besar area vietnamese barbecue joint assuming shophouse open air tables back,vietnamese,4.5,$$
107,Lang Nuong Viet Nam,shop always busy love beef pho sandwich beef pho tasty good portion bbq authentic like eat,vietnamese,4.5,$$
108,Lang Nuong Viet Nam,sure long place open pretty solid seems mainly charcoal grill steamboat type restaurant elected,vietnamese,4.5,$$
109,Lang Nuong Viet Nam,amongst hip spots jalan besar area vietnamese barbecue joint assuming shophouse open air tables back,vietnamese,4.5,$$
110,Lang Nuong Viet Nam,shop always busy love beef pho sandwich beef pho tasty good portion bbq authentic like eat,vietnamese,4.5,$$
111,Lang Nuong Viet Nam,sure long place open pretty solid seems mainly charcoal grill steamboat type restaurant elected,vietnamese,4.5,$$
112,Lang Nuong Viet Nam,amongst hip spots jalan besar area vietnamese barbecue joint assuming shophouse open air tables back,vietnamese,4.5,$$
113,Lang Nuong Viet Nam,shop always busy love beef pho sandwich beef pho tasty good portion bbq authentic like eat,vietnamese,4.5,$$
114,Lang Nuong Viet Nam,sure long place open pretty solid seems mainly charcoal grill steamboat type restaurant elected,vietnamese,4.5,$$
115,Lang Nuong Viet Nam,amongst hip spots jalan besar area vietnamese barbecue joint assuming shophouse open air tables back,vietnamese,4.5,$$
116,Lang Nuong Viet Nam,shop always busy love beef pho sandwich beef pho tasty good portion bbq authentic like eat,vietnamese,4.5,$$
117,Lang Nuong Viet Nam,sure long place open pretty solid seems mainly charcoal grill steamboat type restaurant elected,vietnamese,4.5,$$
118,Lang Nuong Viet Nam,amongst hip spots jalan besar area vietnamese barbecue joint assuming shophouse open air tables back,vietnamese,4.5,$$
119,Lang Nuong Viet Nam,shop always busy love beef pho sandwich beef pho tasty good portion bbq authentic like eat,vietnamese,4.5,$$
120,Lang Nuong Viet Nam,sure long place open pretty solid seems mainly charcoal grill steamboat type restaurant elected,vietnamese,4.5,$$
121,Lang Nuong Viet Nam,amongst hip spots jalan besar area vietnamese barbecue joint assuming shophouse open air tables back,vietnamese,4.5,$$
122,Lang Nuong Viet Nam,shop always busy love beef pho sandwich beef pho tasty good portion bbq authentic like eat,vietnamese,4.5,$$
123,Lang Nuong Viet Nam,sure long place open pretty solid seems mainly charcoal grill steamboat type restaurant elected,vietnamese,4.5,$$
124,Lang Nuong Viet Nam,amongst hip spots jalan besar area vietnamese barbecue joint assuming shophouse open air tables back,vietnamese,4.5,$$
125,Lang Nuong Viet Nam,shop always busy love beef pho sandwich beef pho tasty good portion bbq authentic like eat,vietnamese,4.5,$$
126,Lang Nuong Viet Nam,sure long place open pretty solid seems mainly charcoal grill steamboat type restaurant elected,vietnamese,4.5,$$
127,Lang Nuong Viet Nam,amongst hip spots jalan besar area vietnamese barbecue joint assuming shophouse open air tables back,vietnamese,4.5,$$
128,Antoinette,would like discover uncover different premium dessert place go premium dessert price point indeed,french,3.5,$$$
129,Antoinette,say antoinette favorite place cakes tea sessions singapore always wanted visit antoinette location kind,french,3.5,$$$
130,Antoinette,although told place full reservations end showed table centre provided would leave,french,3.5,$$$
131,Antoinette,would like discover uncover different premium dessert place go premium dessert price point indeed,french,3.5,$$$
132,Antoinette,say antoinette favorite place cakes tea sessions singapore always wanted visit antoinette location kind,french,3.5,$$$
133,Antoinette,although told place full reservations end showed table centre provided would leave,french,3.5,$$$
134,Antoinette,would like discover uncover different premium dessert place go premium dessert price point indeed,french,3.5,$$$
135,Antoinette,say antoinette favorite place cakes tea sessions singapore always wanted visit antoinette location kind,french,3.5,$$$
136,Antoinette,although told place full reservations end showed table centre provided would leave,french,3.5,$$$
137,Antoinette,would like discover uncover different premium dessert place go premium dessert price point indeed,french,3.5,$$$
138,Antoinette,say antoinette favorite place cakes tea sessions singapore always wanted visit antoinette location kind,french,3.5,$$$
139,Antoinette,although told place full reservations end showed table centre provided would leave,french,3.5,$$$
140,Antoinette,would like discover uncover different premium dessert place go premium dessert price point indeed,french,3.5,$$$
141,Antoinette,say antoinette favorite place cakes tea sessions singapore always wanted visit antoinette location kind,french,3.5,$$$
142,Antoinette,although told place full reservations end showed table centre provided would leave,french,3.5,$$$
143,Antoinette,would like discover uncover different premium dessert place go premium dessert price point indeed,french,3.5,$$$
144,Antoinette,say antoinette favorite place cakes tea sessions singapore always wanted visit antoinette location kind,french,3.5,$$$
145,Antoinette,although told place full reservations end showed table centre provided would leave,french,3.5,$$$
146,Antoinette,would like discover uncover different premium dessert place go premium dessert price point indeed,french,3.5,$$$
147,Antoinette,say antoinette favorite place cakes tea sessions singapore always wanted visit antoinette location kind,french,3.5,$$$
148,Antoinette,although told place full reservations end showed table centre provided would leave,french,3.5,$$$
149,Antoinette,would like discover uncover different premium dessert place go premium dessert price point indeed,french,3.5,$$$
150,Antoinette,say antoinette favorite place cakes tea sessions singapore always wanted visit antoinette location kind,french,3.5,$$$
151,Antoinette,although told place full reservations end showed table centre provided would leave,french,3.5,$$$
152,Antoinette,would like discover uncover different premium dessert place go premium dessert price point indeed,french,3.5,$$$
153,Antoinette,say antoinette favorite place cakes tea sessions singapore always wanted visit antoinette location kind,french,3.5,$$$
154,Antoinette,although told place full reservations end showed table centre provided would leave,french,3.5,$$$
155,Mahota Commune,feast senses sustainably sourced ingredients delicately crafted whimsical flavorful dishes restaurant mahota commune,italian,5.0,$$
156,Mahota Commune,love place mainly work nearby amazingly convenient get good quality organic produce without go,italian,5.0,$$
157,Mahota Commune,man food healthy delicious staff friendly smiley rare good local service really made,italian,5.0,$$
158,Mahota Commune,feast senses sustainably sourced ingredients delicately crafted whimsical flavorful dishes restaurant mahota commune,italian,5.0,$$
159,Mahota Commune,love place mainly work nearby amazingly convenient get good quality organic produce without go,italian,5.0,$$
160,Mahota Commune,man food healthy delicious staff friendly smiley rare good local service really made,italian,5.0,$$
161,Mahota Commune,feast senses sustainably sourced ingredients delicately crafted whimsical flavorful dishes restaurant mahota commune,italian,5.0,$$
162,Mahota Commune,love place mainly work nearby amazingly convenient get good quality organic produce without go,italian,5.0,$$
163,Mahota Commune,man food healthy delicious staff friendly smiley rare good local service really made,italian,5.0,$$
164,Mahota Commune,feast senses sustainably sourced ingredients delicately crafted whimsical flavorful dishes restaurant mahota commune,italian,5.0,$$
165,Mahota Commune,love place mainly work nearby amazingly convenient get good quality organic produce without go,italian,5.0,$$
166,Mahota Commune,man food healthy delicious staff friendly smiley rare good local service really made,italian,5.0,$$
167,Mahota Commune,feast senses sustainably sourced ingredients delicately crafted whimsical flavorful dishes restaurant mahota commune,italian,5.0,$$
168,Mahota Commune,love place mainly work nearby amazingly convenient get good quality organic produce without go,italian,5.0,$$
169,Mahota Commune,man food healthy delicious staff friendly smiley rare good local service really made,italian,5.0,$$
170,Mahota Commune,feast senses sustainably sourced ingredients delicately crafted whimsical flavorful dishes restaurant mahota commune,italian,5.0,$$
171,Mahota Commune,love place mainly work nearby amazingly convenient get good quality organic produce without go,italian,5.0,$$
172,Mahota Commune,man food healthy delicious staff friendly smiley rare good local service really made,italian,5.0,$$
173,Mahota Commune,feast senses sustainably sourced ingredients delicately crafted whimsical flavorful dishes restaurant mahota commune,italian,5.0,$$
174,Mahota Commune,love place mainly work nearby amazingly convenient get good quality organic produce without go,italian,5.0,$$
175,Mahota Commune,man food healthy delicious staff friendly smiley rare good local service really made,italian,5.0,$$
176,Mahota Commune,feast senses sustainably sourced ingredients delicately crafted whimsical flavorful dishes restaurant mahota commune,italian,5.0,$$
177,Mahota Commune,love place mainly work nearby amazingly convenient get good quality organic produce without go,italian,5.0,$$
178,Mahota Commune,man food healthy delicious staff friendly smiley rare good local service really made,italian,5.0,$$
179,Mahota Commune,feast senses sustainably sourced ingredients delicately crafted whimsical flavorful dishes restaurant mahota commune,italian,5.0,$$
180,Mahota Commune,love place mainly work nearby amazingly convenient get good quality organic produce without go,italian,5.0,$$
181,Mahota Commune,man food healthy delicious staff friendly smiley rare good local service really made,italian,5.0,$$
182,Super Dario Lasagne Café,wondering around city square mall looking something eat indian food saw place shop directoryi smelled,italian,3.5,$$
183,Super Dario Lasagne Café,lasagna quite expensive absolutely delicious restaurant relatively small memory recalls able sit anywhere,italian,3.5,$$
184,Super Dario Lasagne Café,lasagne difference image lasagne one thats served either baking tray form bakeware plate lathered,italian,3.5,$$
185,Sushi Jin,always make time sushi jin whenever singapore one best japanese restaurant town love fresh sushi also,japanese,4.0,$$$
186,Sushi Jin,price point little high ingredients high quality chefs skills point service also friendly attentive worth,japanese,4.0,$$$
187,Sushi Jin,local sushi place helmed chinese sushi chefsfood decent price reasonable,japanese,4.0,$$$
188,Swee Choon Tim Sum,finally get taste dim sum everyone talks small restaurant old shophouses slowly began expansion occupying,cantonese,4.0,$
189,Swee Choon Tim Sum,saw great reviews dim sum restaurant decided give try however rated got early didnt queue,cantonese,4.0,$
190,Swee Choon Tim Sum,popular dim sum place three stores next open based demand arrived right opening,cantonese,4.0,$
191,Swee Choon Tim Sum,finally get taste dim sum everyone talks small restaurant old shophouses slowly began expansion occupying,cantonese,4.0,$
192,Swee Choon Tim Sum,saw great reviews dim sum restaurant decided give try however rated got early didnt queue,cantonese,4.0,$
193,Swee Choon Tim Sum,popular dim sum place three stores next open based demand arrived right opening,cantonese,4.0,$
194,Swee Choon Tim Sum,finally get taste dim sum everyone talks small restaurant old shophouses slowly began expansion occupying,cantonese,4.0,$
195,Swee Choon Tim Sum,saw great reviews dim sum restaurant decided give try however rated got early didnt queue,cantonese,4.0,$
196,Swee Choon Tim Sum,popular dim sum place three stores next open based demand arrived right opening,cantonese,4.0,$
197,Swee Choon Tim Sum,finally get taste dim sum everyone talks small restaurant old shophouses slowly began expansion occupying,cantonese,4.0,$
198,Swee Choon Tim Sum,saw great reviews dim sum restaurant decided give try however rated got early didnt queue,cantonese,4.0,$
199,Swee Choon Tim Sum,popular dim sum place three stores next open based demand arrived right opening,cantonese,4.0,$
200,Swee Choon Tim Sum,finally get taste dim sum everyone talks small restaurant old shophouses slowly began expansion occupying,cantonese,4.0,$
201,Swee Choon Tim Sum,saw great reviews dim sum restaurant decided give try however rated got early didnt queue,cantonese,4.0,$
202,Swee Choon Tim Sum,popular dim sum place three stores next open based demand arrived right opening,cantonese,4.0,$
203,Swee Choon Tim Sum,finally get taste dim sum everyone talks small restaurant old shophouses slowly began expansion occupying,cantonese,4.0,$
204,Swee Choon Tim Sum,saw great reviews dim sum restaurant decided give try however rated got early didnt queue,cantonese,4.0,$
205,Swee Choon Tim Sum,popular dim sum place three stores next open based demand arrived right opening,cantonese,4.0,$
206,Swee Choon Tim Sum,finally get taste dim sum everyone talks small restaurant old shophouses slowly began expansion occupying,cantonese,4.0,$
207,Swee Choon Tim Sum,saw great reviews dim sum restaurant decided give try however rated got early didnt queue,cantonese,4.0,$
208,Swee Choon Tim Sum,popular dim sum place three stores next open based demand arrived right opening,cantonese,4.0,$
209,Swee Choon Tim Sum,finally get taste dim sum everyone talks small restaurant old shophouses slowly began expansion occupying,cantonese,4.0,$
210,Swee Choon Tim Sum,saw great reviews dim sum restaurant decided give try however rated got early didnt queue,cantonese,4.0,$
211,Swee Choon Tim Sum,popular dim sum place three stores next open based demand arrived right opening,cantonese,4.0,$
212,Swee Choon Tim Sum,finally get taste dim sum everyone talks small restaurant old shophouses slowly began expansion occupying,cantonese,4.0,$
213,Swee Choon Tim Sum,saw great reviews dim sum restaurant decided give try however rated got early didnt queue,cantonese,4.0,$
214,Swee Choon Tim Sum,popular dim sum place three stores next open based demand arrived right opening,cantonese,4.0,$
215,Usman Restaurant,ive treated lot indian places home australia never tasted amazing flavoursusmans concerned first,pakistani,4.0,$
216,Usman Restaurant,cash hate cash places cleanliness questionable service great though problem ordering wanted butter,pakistani,4.0,$
217,Usman Restaurant,expecting something greatbut disappointed ordered chili chicken bryani rice butter naan tandori chicken chili chicken lacked,pakistani,4.0,$
218,Usman Restaurant,ive treated lot indian places home australia never tasted amazing flavoursusmans concerned first,pakistani,4.0,$
219,Usman Restaurant,cash hate cash places cleanliness questionable service great though problem ordering wanted butter,pakistani,4.0,$
220,Usman Restaurant,expecting something greatbut disappointed ordered chili chicken bryani rice butter naan tandori chicken chili chicken lacked,pakistani,4.0,$
221,Usman Restaurant,ive treated lot indian places home australia never tasted amazing flavoursusmans concerned first,pakistani,4.0,$
222,Usman Restaurant,cash hate cash places cleanliness questionable service great though problem ordering wanted butter,pakistani,4.0,$
223,Usman Restaurant,expecting something greatbut disappointed ordered chili chicken bryani rice butter naan tandori chicken chili chicken lacked,pakistani,4.0,$
224,Usman Restaurant,ive treated lot indian places home australia never tasted amazing flavoursusmans concerned first,pakistani,4.0,$
225,Usman Restaurant,cash hate cash places cleanliness questionable service great though problem ordering wanted butter,pakistani,4.0,$
226,Usman Restaurant,expecting something greatbut disappointed ordered chili chicken bryani rice butter naan tandori chicken chili chicken lacked,pakistani,4.0,$
227,Usman Restaurant,ive treated lot indian places home australia never tasted amazing flavoursusmans concerned first,pakistani,4.0,$
228,Usman Restaurant,cash hate cash places cleanliness questionable service great though problem ordering wanted butter,pakistani,4.0,$
229,Usman Restaurant,expecting something greatbut disappointed ordered chili chicken bryani rice butter naan tandori chicken chili chicken lacked,pakistani,4.0,$
230,Usman Restaurant,ive treated lot indian places home australia never tasted amazing flavoursusmans concerned first,pakistani,4.0,$
231,Usman Restaurant,cash hate cash places cleanliness questionable service great though problem ordering wanted butter,pakistani,4.0,$
232,Usman Restaurant,expecting something greatbut disappointed ordered chili chicken bryani rice butter naan tandori chicken chili chicken lacked,pakistani,4.0,$
233,Usman Restaurant,ive treated lot indian places home australia never tasted amazing flavoursusmans concerned first,pakistani,4.0,$
234,Usman Restaurant,cash hate cash places cleanliness questionable service great though problem ordering wanted butter,pakistani,4.0,$
235,Usman Restaurant,expecting something greatbut disappointed ordered chili chicken bryani rice butter naan tandori chicken chili chicken lacked,pakistani,4.0,$
236,Usman Restaurant,ive treated lot indian places home australia never tasted amazing flavoursusmans concerned first,pakistani,4.0,$
237,Usman Restaurant,cash hate cash places cleanliness questionable service great though problem ordering wanted butter,pakistani,4.0,$
238,Usman Restaurant,expecting something greatbut disappointed ordered chili chicken bryani rice butter naan tandori chicken chili chicken lacked,pakistani,4.0,$
239,Xiang Yuan Ji - Shanghai Sheng Jian Bao,eaten couple times times good times ordered shengjian mantou pan fried steamed buns porkveg,chinese,4.0,$
240,Xiang Yuan Ji - Shanghai Sheng Jian Bao,one best meals singapore thats eating famous hainanese chicken rice chili crabs pan fried buns authentic made,chinese,4.0,$
241,Xiang Yuan Ji - Shanghai Sheng Jian Bao,best shen jian bao singapore chef china cooks authentic stuff super juicy better pudong kitchen focus shen jian baos,chinese,4.0,$
242,Xiang Yuan Ji - Shanghai Sheng Jian Bao,eaten couple times times good times ordered shengjian mantou pan fried steamed buns porkveg,chinese,4.0,$
243,Xiang Yuan Ji - Shanghai Sheng Jian Bao,one best meals singapore thats eating famous hainanese chicken rice chili crabs pan fried buns authentic made,chinese,4.0,$
244,Xiang Yuan Ji - Shanghai Sheng Jian Bao,best shen jian bao singapore chef china cooks authentic stuff super juicy better pudong kitchen focus shen jian baos,chinese,4.0,$
245,Xiang Yuan Ji - Shanghai Sheng Jian Bao,eaten couple times times good times ordered shengjian mantou pan fried steamed buns porkveg,chinese,4.0,$
246,Xiang Yuan Ji - Shanghai Sheng Jian Bao,one best meals singapore thats eating famous hainanese chicken rice chili crabs pan fried buns authentic made,chinese,4.0,$
247,Xiang Yuan Ji - Shanghai Sheng Jian Bao,best shen jian bao singapore chef china cooks authentic stuff super juicy better pudong kitchen focus shen jian baos,chinese,4.0,$
248,Xiang Yuan Ji - Shanghai Sheng Jian Bao,eaten couple times times good times ordered shengjian mantou pan fried steamed buns porkveg,chinese,4.0,$
249,Xiang Yuan Ji - Shanghai Sheng Jian Bao,one best meals singapore thats eating famous hainanese chicken rice chili crabs pan fried buns authentic made,chinese,4.0,$
250,Xiang Yuan Ji - Shanghai Sheng Jian Bao,best shen jian bao singapore chef china cooks authentic stuff super juicy better pudong kitchen focus shen jian baos,chinese,4.0,$
251,Xiang Yuan Ji - Shanghai Sheng Jian Bao,eaten couple times times good times ordered shengjian mantou pan fried steamed buns porkveg,chinese,4.0,$
252,Xiang Yuan Ji - Shanghai Sheng Jian Bao,one best meals singapore thats eating famous hainanese chicken rice chili crabs pan fried buns authentic made,chinese,4.0,$
253,Xiang Yuan Ji - Shanghai Sheng Jian Bao,best shen jian bao singapore chef china cooks authentic stuff super juicy better pudong kitchen focus shen jian baos,chinese,4.0,$
254,Xiang Yuan Ji - Shanghai Sheng Jian Bao,eaten couple times times good times ordered shengjian mantou pan fried steamed buns porkveg,chinese,4.0,$
255,Xiang Yuan Ji - Shanghai Sheng Jian Bao,one best meals singapore thats eating famous hainanese chicken rice chili crabs pan fried buns authentic made,chinese,4.0,$
256,Xiang Yuan Ji - Shanghai Sheng Jian Bao,best shen jian bao singapore chef china cooks authentic stuff super juicy better pudong kitchen focus shen jian baos,chinese,4.0,$
257,Xiang Yuan Ji - Shanghai Sheng Jian Bao,eaten couple times times good times ordered shengjian mantou pan fried steamed buns porkveg,chinese,4.0,$
258,Xiang Yuan Ji - Shanghai Sheng Jian Bao,one best meals singapore thats eating famous hainanese chicken rice chili crabs pan fried buns authentic made,chinese,4.0,$
259,Xiang Yuan Ji - Shanghai Sheng Jian Bao,best shen jian bao singapore chef china cooks authentic stuff super juicy better pudong kitchen focus shen jian baos,chinese,4.0,$
260,Xiang Yuan Ji - Shanghai Sheng Jian Bao,eaten couple times times good times ordered shengjian mantou pan fried steamed buns porkveg,chinese,4.0,$
261,Xiang Yuan Ji - Shanghai Sheng Jian Bao,one best meals singapore thats eating famous hainanese chicken rice chili crabs pan fried buns authentic made,chinese,4.0,$
262,Xiang Yuan Ji - Shanghai Sheng Jian Bao,best shen jian bao singapore chef china cooks authentic stuff super juicy better pudong kitchen focus shen jian baos,chinese,4.0,$
263,Xiang Yuan Ji - Shanghai Sheng Jian Bao,eaten couple times times good times ordered shengjian mantou pan fried steamed buns porkveg,chinese,4.0,$
264,Xiang Yuan Ji - Shanghai Sheng Jian Bao,one best meals singapore thats eating famous hainanese chicken rice chili crabs pan fried buns authentic made,chinese,4.0,$
265,Xiang Yuan Ji - Shanghai Sheng Jian Bao,best shen jian bao singapore chef china cooks authentic stuff super juicy better pudong kitchen focus shen jian baos,chinese,4.0,$
266,Hong Kong Style Chee Cheong Fun,great markets restaurants singapore would think wouldnt come back hong kong style noodle shop thought wrong dude,chinese,5.0,$
267,Hong Kong Style Chee Cheong Fun,make fresh two time person orders portions take away expect wait hour unfortunately happen,chinese,5.0,$
268,Hong Kong Style Chee Cheong Fun,fresh silky goodness hand made order order go prawn plain chee cheong fun found char siu average scallop,chinese,5.0,$
269,Hong Kong Style Chee Cheong Fun,great markets restaurants singapore would think wouldnt come back hong kong style noodle shop thought wrong dude,chinese,5.0,$
270,Hong Kong Style Chee Cheong Fun,make fresh two time person orders portions take away expect wait hour unfortunately happen,chinese,5.0,$
271,Hong Kong Style Chee Cheong Fun,fresh silky goodness hand made order order go prawn plain chee cheong fun found char siu average scallop,chinese,5.0,$
272,Hong Kong Style Chee Cheong Fun,great markets restaurants singapore would think wouldnt come back hong kong style noodle shop thought wrong dude,chinese,5.0,$
273,Hong Kong Style Chee Cheong Fun,make fresh two time person orders portions take away expect wait hour unfortunately happen,chinese,5.0,$
274,Hong Kong Style Chee Cheong Fun,fresh silky goodness hand made order order go prawn plain chee cheong fun found char siu average scallop,chinese,5.0,$
275,Hong Kong Style Chee Cheong Fun,great markets restaurants singapore would think wouldnt come back hong kong style noodle shop thought wrong dude,chinese,5.0,$
276,Hong Kong Style Chee Cheong Fun,make fresh two time person orders portions take away expect wait hour unfortunately happen,chinese,5.0,$
277,Hong Kong Style Chee Cheong Fun,fresh silky goodness hand made order order go prawn plain chee cheong fun found char siu average scallop,chinese,5.0,$
278,Hong Kong Style Chee Cheong Fun,great markets restaurants singapore would think wouldnt come back hong kong style noodle shop thought wrong dude,chinese,5.0,$
279,Hong Kong Style Chee Cheong Fun,make fresh two time person orders portions take away expect wait hour unfortunately happen,chinese,5.0,$
280,Hong Kong Style Chee Cheong Fun,fresh silky goodness hand made order order go prawn plain chee cheong fun found char siu average scallop,chinese,5.0,$
281,Hong Kong Style Chee Cheong Fun,great markets restaurants singapore would think wouldnt come back hong kong style noodle shop thought wrong dude,chinese,5.0,$
282,Hong Kong Style Chee Cheong Fun,make fresh two time person orders portions take away expect wait hour unfortunately happen,chinese,5.0,$
283,Hong Kong Style Chee Cheong Fun,fresh silky goodness hand made order order go prawn plain chee cheong fun found char siu average scallop,chinese,5.0,$
284,Hong Kong Style Chee Cheong Fun,great markets restaurants singapore would think wouldnt come back hong kong style noodle shop thought wrong dude,chinese,5.0,$
285,Hong Kong Style Chee Cheong Fun,make fresh two time person orders portions take away expect wait hour unfortunately happen,chinese,5.0,$
286,Hong Kong Style Chee Cheong Fun,fresh silky goodness hand made order order go prawn plain chee cheong fun found char siu average scallop,chinese,5.0,$
287,Hong Kong Style Chee Cheong Fun,great markets restaurants singapore would think wouldnt come back hong kong style noodle shop thought wrong dude,chinese,5.0,$
288,Hong Kong Style Chee Cheong Fun,make fresh two time person orders portions take away expect wait hour unfortunately happen,chinese,5.0,$
289,Hong Kong Style Chee Cheong Fun,fresh silky goodness hand made order order go prawn plain chee cheong fun found char siu average scallop,chinese,5.0,$
290,Hong Kong Style Chee Cheong Fun,great markets restaurants singapore would think wouldnt come back hong kong style noodle shop thought wrong dude,chinese,5.0,$
291,Hong Kong Style Chee Cheong Fun,make fresh two time person orders portions take away expect wait hour unfortunately happen,chinese,5.0,$
292,Hong Kong Style Chee Cheong Fun,fresh silky goodness hand made order order go prawn plain chee cheong fun found char siu average scallop,chinese,5.0,$
293,Da Lian Traditional Noodles,looking breakfast morning stumbled upon place restaurant located corner street best,chinese,4.0,$
294,Da Lian Traditional Noodles,really liked place flavors bit subtle open im happy diner clean service prompt,chinese,4.0,$
295,Da Lian Traditional Noodles,couple years ago asked last meal wouldve said bak chor mee times changed tastes trying go,chinese,4.0,$
296,Da Lian Traditional Noodles,looking breakfast morning stumbled upon place restaurant located corner street best,chinese,4.0,$
297,Da Lian Traditional Noodles,really liked place flavors bit subtle open im happy diner clean service prompt,chinese,4.0,$
298,Da Lian Traditional Noodles,couple years ago asked last meal wouldve said bak chor mee times changed tastes trying go,chinese,4.0,$
299,Da Lian Traditional Noodles,looking breakfast morning stumbled upon place restaurant located corner street best,chinese,4.0,$
300,Da Lian Traditional Noodles,really liked place flavors bit subtle open im happy diner clean service prompt,chinese,4.0,$
301,Da Lian Traditional Noodles,couple years ago asked last meal wouldve said bak chor mee times changed tastes trying go,chinese,4.0,$
302,Da Lian Traditional Noodles,looking breakfast morning stumbled upon place restaurant located corner street best,chinese,4.0,$
303,Da Lian Traditional Noodles,really liked place flavors bit subtle open im happy diner clean service prompt,chinese,4.0,$
304,Da Lian Traditional Noodles,couple years ago asked last meal wouldve said bak chor mee times changed tastes trying go,chinese,4.0,$
305,Da Lian Traditional Noodles,looking breakfast morning stumbled upon place restaurant located corner street best,chinese,4.0,$
306,Da Lian Traditional Noodles,really liked place flavors bit subtle open im happy diner clean service prompt,chinese,4.0,$
307,Da Lian Traditional Noodles,couple years ago asked last meal wouldve said bak chor mee times changed tastes trying go,chinese,4.0,$
308,Da Lian Traditional Noodles,looking breakfast morning stumbled upon place restaurant located corner street best,chinese,4.0,$
309,Da Lian Traditional Noodles,really liked place flavors bit subtle open im happy diner clean service prompt,chinese,4.0,$
310,Da Lian Traditional Noodles,couple years ago asked last meal wouldve said bak chor mee times changed tastes trying go,chinese,4.0,$
311,Da Lian Traditional Noodles,looking breakfast morning stumbled upon place restaurant located corner street best,chinese,4.0,$
312,Da Lian Traditional Noodles,really liked place flavors bit subtle open im happy diner clean service prompt,chinese,4.0,$
313,Da Lian Traditional Noodles,couple years ago asked last meal wouldve said bak chor mee times changed tastes trying go,chinese,4.0,$
314,Da Lian Traditional Noodles,looking breakfast morning stumbled upon place restaurant located corner street best,chinese,4.0,$
315,Da Lian Traditional Noodles,really liked place flavors bit subtle open im happy diner clean service prompt,chinese,4.0,$
316,Da Lian Traditional Noodles,couple years ago asked last meal wouldve said bak chor mee times changed tastes trying go,chinese,4.0,$
317,Da Lian Traditional Noodles,looking breakfast morning stumbled upon place restaurant located corner street best,chinese,4.0,$
318,Da Lian Traditional Noodles,really liked place flavors bit subtle open im happy diner clean service prompt,chinese,4.0,$
319,Da Lian Traditional Noodles,couple years ago asked last meal wouldve said bak chor mee times changed tastes trying go,chinese,4.0,$
320,MTR 1924,first morning business trip singapore boss gave two options breakfast continental breakfast hotel indian,indian,4.5,$
321,MTR 1924,delight go little india good service authentic unique menu common south indian restaurants,indian,4.5,$
322,MTR 1924,favorite goto place singapore authentic south indian food food good always forget taking pictures eating,indian,4.5,$
323,MTR 1924,first morning business trip singapore boss gave two options breakfast continental breakfast hotel indian,indian,4.5,$
324,MTR 1924,delight go little india good service authentic unique menu common south indian restaurants,indian,4.5,$
325,MTR 1924,favorite goto place singapore authentic south indian food food good always forget taking pictures eating,indian,4.5,$
326,MTR 1924,first morning business trip singapore boss gave two options breakfast continental breakfast hotel indian,indian,4.5,$
327,MTR 1924,delight go little india good service authentic unique menu common south indian restaurants,indian,4.5,$
328,MTR 1924,favorite goto place singapore authentic south indian food food good always forget taking pictures eating,indian,4.5,$
329,MTR 1924,first morning business trip singapore boss gave two options breakfast continental breakfast hotel indian,indian,4.5,$
330,MTR 1924,delight go little india good service authentic unique menu common south indian restaurants,indian,4.5,$
331,MTR 1924,favorite goto place singapore authentic south indian food food good always forget taking pictures eating,indian,4.5,$
332,MTR 1924,first morning business trip singapore boss gave two options breakfast continental breakfast hotel indian,indian,4.5,$
333,MTR 1924,delight go little india good service authentic unique menu common south indian restaurants,indian,4.5,$
334,MTR 1924,favorite goto place singapore authentic south indian food food good always forget taking pictures eating,indian,4.5,$
335,MTR 1924,first morning business trip singapore boss gave two options breakfast continental breakfast hotel indian,indian,4.5,$
336,MTR 1924,delight go little india good service authentic unique menu common south indian restaurants,indian,4.5,$
337,MTR 1924,favorite goto place singapore authentic south indian food food good always forget taking pictures eating,indian,4.5,$
338,MTR 1924,first morning business trip singapore boss gave two options breakfast continental breakfast hotel indian,indian,4.5,$
339,MTR 1924,delight go little india good service authentic unique menu common south indian restaurants,indian,4.5,$
340,MTR 1924,favorite goto place singapore authentic south indian food food good always forget taking pictures eating,indian,4.5,$
341,MTR 1924,first morning business trip singapore boss gave two options breakfast continental breakfast hotel indian,indian,4.5,$
342,MTR 1924,delight go little india good service authentic unique menu common south indian restaurants,indian,4.5,$
343,MTR 1924,favorite goto place singapore authentic south indian food food good always forget taking pictures eating,indian,4.5,$
344,Char Restaurant,places like make difficult write singapore places like put pure genius plate make,western,4.5,$$
345,Char Restaurant,char made believer take char siu another level honest expectation typically hawker stall type however,western,4.5,$$
346,Char Restaurant,char siew best singapore opinion juicy right amount fat casual atmosphere since everyone really,western,4.5,$$
347,Char Restaurant,places like make difficult write singapore places like put pure genius plate make,western,4.5,$$
348,Char Restaurant,char made believer take char siu another level honest expectation typically hawker stall type however,western,4.5,$$
349,Char Restaurant,char siew best singapore opinion juicy right amount fat casual atmosphere since everyone really,western,4.5,$$
350,Char Restaurant,places like make difficult write singapore places like put pure genius plate make,western,4.5,$$
351,Char Restaurant,char made believer take char siu another level honest expectation typically hawker stall type however,western,4.5,$$
352,Char Restaurant,char siew best singapore opinion juicy right amount fat casual atmosphere since everyone really,western,4.5,$$
353,Char Restaurant,places like make difficult write singapore places like put pure genius plate make,western,4.5,$$
354,Char Restaurant,char made believer take char siu another level honest expectation typically hawker stall type however,western,4.5,$$
355,Char Restaurant,char siew best singapore opinion juicy right amount fat casual atmosphere since everyone really,western,4.5,$$
356,Char Restaurant,places like make difficult write singapore places like put pure genius plate make,western,4.5,$$
357,Char Restaurant,char made believer take char siu another level honest expectation typically hawker stall type however,western,4.5,$$
358,Char Restaurant,char siew best singapore opinion juicy right amount fat casual atmosphere since everyone really,western,4.5,$$
359,Char Restaurant,places like make difficult write singapore places like put pure genius plate make,western,4.5,$$
360,Char Restaurant,char made believer take char siu another level honest expectation typically hawker stall type however,western,4.5,$$
361,Char Restaurant,char siew best singapore opinion juicy right amount fat casual atmosphere since everyone really,western,4.5,$$
362,Char Restaurant,places like make difficult write singapore places like put pure genius plate make,western,4.5,$$
363,Char Restaurant,char made believer take char siu another level honest expectation typically hawker stall type however,western,4.5,$$
364,Char Restaurant,char siew best singapore opinion juicy right amount fat casual atmosphere since everyone really,western,4.5,$$
365,Char Restaurant,places like make difficult write singapore places like put pure genius plate make,western,4.5,$$
366,Char Restaurant,char made believer take char siu another level honest expectation typically hawker stall type however,western,4.5,$$
367,Char Restaurant,char siew best singapore opinion juicy right amount fat casual atmosphere since everyone really,western,4.5,$$
368,Char Restaurant,places like make difficult write singapore places like put pure genius plate make,western,4.5,$$
369,Char Restaurant,char made believer take char siu another level honest expectation typically hawker stall type however,western,4.5,$$
370,Char Restaurant,char siew best singapore opinion juicy right amount fat casual atmosphere since everyone really,western,4.5,$$
371,Char Restaurant,places like make difficult write singapore places like put pure genius plate make,western,4.5,$$
372,Char Restaurant,char made believer take char siu another level honest expectation typically hawker stall type however,western,4.5,$$
373,Char Restaurant,char siew best singapore opinion juicy right amount fat casual atmosphere since everyone really,western,4.5,$$
374,Brunches Cafe,little pricey food quite good house coffee quite interesting requires star melt milk,western,4.5,$$
375,Brunches Cafe,mood sweet brunch ordered ice cream waffles taste food good bit pricey quality appeal,western,4.5,$$
376,Brunches Cafe,soy mocha starsdecent asked less sweet reduced chocolate syrupchocolate rocks starsthis interesting,western,4.5,$$
377,Brunches Cafe,little pricey food quite good house coffee quite interesting requires star melt milk,western,4.5,$$
378,Brunches Cafe,mood sweet brunch ordered ice cream waffles taste food good bit pricey quality appeal,western,4.5,$$
379,Brunches Cafe,soy mocha starsdecent asked less sweet reduced chocolate syrupchocolate rocks starsthis interesting,western,4.5,$$
380,Brunches Cafe,little pricey food quite good house coffee quite interesting requires star melt milk,western,4.5,$$
381,Brunches Cafe,mood sweet brunch ordered ice cream waffles taste food good bit pricey quality appeal,western,4.5,$$
382,Brunches Cafe,soy mocha starsdecent asked less sweet reduced chocolate syrupchocolate rocks starsthis interesting,western,4.5,$$
383,Brunches Cafe,little pricey food quite good house coffee quite interesting requires star melt milk,western,4.5,$$
384,Brunches Cafe,mood sweet brunch ordered ice cream waffles taste food good bit pricey quality appeal,western,4.5,$$
385,Brunches Cafe,soy mocha starsdecent asked less sweet reduced chocolate syrupchocolate rocks starsthis interesting,western,4.5,$$
386,Brunches Cafe,little pricey food quite good house coffee quite interesting requires star melt milk,western,4.5,$$
387,Brunches Cafe,mood sweet brunch ordered ice cream waffles taste food good bit pricey quality appeal,western,4.5,$$
388,Brunches Cafe,soy mocha starsdecent asked less sweet reduced chocolate syrupchocolate rocks starsthis interesting,western,4.5,$$
389,Brunches Cafe,little pricey food quite good house coffee quite interesting requires star melt milk,western,4.5,$$
390,Brunches Cafe,mood sweet brunch ordered ice cream waffles taste food good bit pricey quality appeal,western,4.5,$$
391,Brunches Cafe,soy mocha starsdecent asked less sweet reduced chocolate syrupchocolate rocks starsthis interesting,western,4.5,$$
392,Brunches Cafe,little pricey food quite good house coffee quite interesting requires star melt milk,western,4.5,$$
393,Brunches Cafe,mood sweet brunch ordered ice cream waffles taste food good bit pricey quality appeal,western,4.5,$$
394,Brunches Cafe,soy mocha starsdecent asked less sweet reduced chocolate syrupchocolate rocks starsthis interesting,western,4.5,$$
395,Brunches Cafe,little pricey food quite good house coffee quite interesting requires star melt milk,western,4.5,$$
396,Brunches Cafe,mood sweet brunch ordered ice cream waffles taste food good bit pricey quality appeal,western,4.5,$$
397,Brunches Cafe,soy mocha starsdecent asked less sweet reduced chocolate syrupchocolate rocks starsthis interesting,western,4.5,$$
398,Old Hen Kitchen,mochi pancakes starsamazing best pancakes ive ever pancakes moist soufflelike best part mochi,western,4.5,$$
399,Old Hen Kitchen,absolutely coffee place blends beans choose pour overs wide range food makes easy friends varied,western,4.5,$$
400,Old Hen Kitchen,old hen kitchen set lunch menu really good deal coffee starter main ranging also allow substitutions,western,4.5,$$
401,Old Hen Kitchen,mochi pancakes starsamazing best pancakes ive ever pancakes moist soufflelike best part mochi,western,4.5,$$
402,Old Hen Kitchen,absolutely coffee place blends beans choose pour overs wide range food makes easy friends varied,western,4.5,$$
403,Old Hen Kitchen,old hen kitchen set lunch menu really good deal coffee starter main ranging also allow substitutions,western,4.5,$$
404,Old Hen Kitchen,mochi pancakes starsamazing best pancakes ive ever pancakes moist soufflelike best part mochi,western,4.5,$$
405,Old Hen Kitchen,absolutely coffee place blends beans choose pour overs wide range food makes easy friends varied,western,4.5,$$
406,Old Hen Kitchen,old hen kitchen set lunch menu really good deal coffee starter main ranging also allow substitutions,western,4.5,$$
407,Old Hen Kitchen,mochi pancakes starsamazing best pancakes ive ever pancakes moist soufflelike best part mochi,western,4.5,$$
408,Old Hen Kitchen,absolutely coffee place blends beans choose pour overs wide range food makes easy friends varied,western,4.5,$$
409,Old Hen Kitchen,old hen kitchen set lunch menu really good deal coffee starter main ranging also allow substitutions,western,4.5,$$
410,Old Hen Kitchen,mochi pancakes starsamazing best pancakes ive ever pancakes moist soufflelike best part mochi,western,4.5,$$
411,Old Hen Kitchen,absolutely coffee place blends beans choose pour overs wide range food makes easy friends varied,western,4.5,$$
412,Old Hen Kitchen,old hen kitchen set lunch menu really good deal coffee starter main ranging also allow substitutions,western,4.5,$$
413,Old Hen Kitchen,mochi pancakes starsamazing best pancakes ive ever pancakes moist soufflelike best part mochi,western,4.5,$$
414,Old Hen Kitchen,absolutely coffee place blends beans choose pour overs wide range food makes easy friends varied,western,4.5,$$
415,Old Hen Kitchen,old hen kitchen set lunch menu really good deal coffee starter main ranging also allow substitutions,western,4.5,$$
416,Old Hen Kitchen,mochi pancakes starsamazing best pancakes ive ever pancakes moist soufflelike best part mochi,western,4.5,$$
417,Old Hen Kitchen,absolutely coffee place blends beans choose pour overs wide range food makes easy friends varied,western,4.5,$$
418,Old Hen Kitchen,old hen kitchen set lunch menu really good deal coffee starter main ranging also allow substitutions,western,4.5,$$
419,Old Hen Kitchen,mochi pancakes starsamazing best pancakes ive ever pancakes moist soufflelike best part mochi,western,4.5,$$
420,Old Hen Kitchen,absolutely coffee place blends beans choose pour overs wide range food makes easy friends varied,western,4.5,$$
421,Old Hen Kitchen,old hen kitchen set lunch menu really good deal coffee starter main ranging also allow substitutions,western,4.5,$$
422,Two Bakers Cafe,eat certificate le cordon bleu crying loud need say case looking details completely,western,4.0,$$
423,Two Bakers Cafe,another great find along horne roadif finished bao makers two bakers great follow dessert lots cakes choose,western,4.0,$$
424,Two Bakers Cafe,great brunch better coffeeloved place desserts unique disappoint,western,4.0,$$
425,Two Bakers Cafe,eat certificate le cordon bleu crying loud need say case looking details completely,western,4.0,$$
426,Two Bakers Cafe,another great find along horne roadif finished bao makers two bakers great follow dessert lots cakes choose,western,4.0,$$
427,Two Bakers Cafe,great brunch better coffeeloved place desserts unique disappoint,western,4.0,$$
428,Two Bakers Cafe,eat certificate le cordon bleu crying loud need say case looking details completely,western,4.0,$$
429,Two Bakers Cafe,another great find along horne roadif finished bao makers two bakers great follow dessert lots cakes choose,western,4.0,$$
430,Two Bakers Cafe,great brunch better coffeeloved place desserts unique disappoint,western,4.0,$$
431,Two Bakers Cafe,eat certificate le cordon bleu crying loud need say case looking details completely,western,4.0,$$
432,Two Bakers Cafe,another great find along horne roadif finished bao makers two bakers great follow dessert lots cakes choose,western,4.0,$$
433,Two Bakers Cafe,great brunch better coffeeloved place desserts unique disappoint,western,4.0,$$
434,Two Bakers Cafe,eat certificate le cordon bleu crying loud need say case looking details completely,western,4.0,$$
435,Two Bakers Cafe,another great find along horne roadif finished bao makers two bakers great follow dessert lots cakes choose,western,4.0,$$
436,Two Bakers Cafe,great brunch better coffeeloved place desserts unique disappoint,western,4.0,$$
437,Two Bakers Cafe,eat certificate le cordon bleu crying loud need say case looking details completely,western,4.0,$$
438,Two Bakers Cafe,another great find along horne roadif finished bao makers two bakers great follow dessert lots cakes choose,western,4.0,$$
439,Two Bakers Cafe,great brunch better coffeeloved place desserts unique disappoint,western,4.0,$$
440,Two Bakers Cafe,eat certificate le cordon bleu crying loud need say case looking details completely,western,4.0,$$
441,Two Bakers Cafe,another great find along horne roadif finished bao makers two bakers great follow dessert lots cakes choose,western,4.0,$$
442,Two Bakers Cafe,great brunch better coffeeloved place desserts unique disappoint,western,4.0,$$
443,Two Bakers Cafe,eat certificate le cordon bleu crying loud need say case looking details completely,western,4.0,$$
444,Two Bakers Cafe,another great find along horne roadif finished bao makers two bakers great follow dessert lots cakes choose,western,4.0,$$
445,Two Bakers Cafe,great brunch better coffeeloved place desserts unique disappoint,western,4.0,$$
446,Kantipur Tandoori,came one random night friend told knows best cheese naan country try verdict truly,indian,4.0,$$$
447,Kantipur Tandoori,came one random night friend told knows best cheese naan country try verdict truly,indian,4.0,$$$
448,Kantipur Tandoori,came one random night friend told knows best cheese naan country try verdict truly,indian,4.0,$$$
449,Kantipur Tandoori,came one random night friend told knows best cheese naan country try verdict truly,indian,4.0,$$$
450,Kantipur Tandoori,came one random night friend told knows best cheese naan country try verdict truly,indian,4.0,$$$
451,Kantipur Tandoori,came one random night friend told knows best cheese naan country try verdict truly,indian,4.0,$$$
452,Kantipur Tandoori,came one random night friend told knows best cheese naan country try verdict truly,indian,4.0,$$$
453,Kantipur Tandoori,came one random night friend told knows best cheese naan country try verdict truly,indian,4.0,$$$
454,Gangnam Garden,really korean restaurant named gangnam already feeling little unimpressed everyone mothers heard,korean,4.0,$
455,Hillman Restaurant,hillman name store left lasting impression remember going osaka nambathe paper chicken deliciousthere,cantonese,4.0,$$
456,Hillman Restaurant,old time simple setting brings back lots hood good memories originally shunde guangdong china cant even pick one dish another gonna take,cantonese,4.0,$$
457,Hillman Restaurant,old school old school goodusual classics us pork chop like molasses crisp bits garlic flavour boneless need,cantonese,4.0,$$
458,Heng Gi Goose & Duck Rice,periodically revisit review todays duck rice set good better value money getting duck still queue,chinese,4.0,$
459,Heng Gi Goose & Duck Rice,visit tekka market noticed long line heng gi jumped well basically serve duck rice guess got,chinese,4.0,$
460,Heng Gi Goose & Duck Rice,sorry sure fuss stall meat mostly dry strangely got followers ordered plate meat egg tofu liver que,chinese,4.0,$
461,Fu Zhou Poh Hwa Oyster Cake,happy grab one last closes day oyster cake well made moist minced pork chives oyster inside,chinese,4.5,$
462,Fu Zhou Poh Hwa Oyster Cake,serve one thing fuzhou style oyster cake well standard option additional filling think,chinese,4.5,$
463,Fu Zhou Poh Hwa Oyster Cake,happen area pop place quick snack made spot fresh simply delicious earlier two reviews still,chinese,4.5,$
464,Lam's Singapore Culinary Enterprise Pte. Ltd,driving along balestier en route lavender street youll notice two great big signs proclaiming lams baked chicken salt lams abalone,chinese,4.0,$
465,Ng Ah Sio Bak Kut Teh,fan bak kut teh however program tv made crave hot peppery soup singapore version bkt peppery,chinese,4.0,$
466,Ng Ah Sio Bak Kut Teh,great local food open air restaurant go pork dont skip chilis lady kettle rolls offers drown,chinese,4.0,$
467,Ng Ah Sio Bak Kut Teh,friend friend local singapore brought us place asked bring us somewhere tryi doubt mind,chinese,4.0,$
468,Wah Kee Big Prawn Noodles,,chinese,4.0,$
469,Whampoa Keng,wow stewed pork knuckle amazing full meat n funny taste dont know abt pork knuckle u eat,chinese,4.0,$$
470,Whampoa Keng,going future go place bring foreign guests enjoy local singapore chinese foodthey crowded lunch quite,chinese,4.0,$$
471,Whampoa Keng,surprising fish head steamboat taste good fish pieces super fresh well flavored amazing meat stays tender,chinese,4.0,$$
472,Stuff'D,chicken kebabs excellent noted reviewers enjoyed burrito bowl option allows thoroughly mix,mexican,3.5,$
473,Stuff'D,yew tee point outletbeef con carne kebab starthought would come pita bread came tortilla wrap fine,mexican,3.5,$
474,Stuff'D,walking past place ages always smelled good love display many veggies right store front,mexican,3.5,$
475,Stuff'D,chicken kebabs excellent noted reviewers enjoyed burrito bowl option allows thoroughly mix,mexican,3.5,$
476,Stuff'D,yew tee point outletbeef con carne kebab starthought would come pita bread came tortilla wrap fine,mexican,3.5,$
477,Stuff'D,walking past place ages always smelled good love display many veggies right store front,mexican,3.5,$
478,Kebabs n Curries,review ala carte onlywhat started sweet romantic cough date atop little india ended hurried exit mustafa cold,pakistani,3.5,$$
479,Kebabs n Curries,rooftop restaurant mustafa centre characterstyle store plebeian décor ambience open varieties,pakistani,3.5,$$
480,Kebabs n Curries,oh goodness forget place regular mustafa center place missed really strategic,pakistani,3.5,$$
481,Druggists,,indian,4.0,$$
482,The Malayan Council,,indian,5.0,$$
483,Red Eye Smokehouse,bbq juicy tx even best bbq joints anywhere us satisfying enough hard believe actually better,indian,4.5,$$$
484,Red Eye Smokehouse,like tender juicy brisket sausage also good complimentary bread best l like bread bread best free,indian,4.5,$$$
485,Red Eye Smokehouse,arrived red eye smokehouse days removed visiting houston texas lets say senses assessing good barbecue,indian,4.5,$$$
486,Red Eye Smokehouse,bbq juicy tx even best bbq joints anywhere us satisfying enough hard believe actually better,indian,4.5,$$$
487,Red Eye Smokehouse,like tender juicy brisket sausage also good complimentary bread best l like bread bread best free,indian,4.5,$$$
488,Red Eye Smokehouse,arrived red eye smokehouse days removed visiting houston texas lets say senses assessing good barbecue,indian,4.5,$$$
489,Red Eye Smokehouse,bbq juicy tx even best bbq joints anywhere us satisfying enough hard believe actually better,indian,4.5,$$$
490,Red Eye Smokehouse,like tender juicy brisket sausage also good complimentary bread best l like bread bread best free,indian,4.5,$$$
491,Red Eye Smokehouse,arrived red eye smokehouse days removed visiting houston texas lets say senses assessing good barbecue,indian,4.5,$$$
492,Red Eye Smokehouse,bbq juicy tx even best bbq joints anywhere us satisfying enough hard believe actually better,indian,4.5,$$$
493,Red Eye Smokehouse,like tender juicy brisket sausage also good complimentary bread best l like bread bread best free,indian,4.5,$$$
494,Red Eye Smokehouse,arrived red eye smokehouse days removed visiting houston texas lets say senses assessing good barbecue,indian,4.5,$$$
495,Red Eye Smokehouse,bbq juicy tx even best bbq joints anywhere us satisfying enough hard believe actually better,indian,4.5,$$$
496,Red Eye Smokehouse,like tender juicy brisket sausage also good complimentary bread best l like bread bread best free,indian,4.5,$$$
497,Red Eye Smokehouse,arrived red eye smokehouse days removed visiting houston texas lets say senses assessing good barbecue,indian,4.5,$$$
498,Red Eye Smokehouse,bbq juicy tx even best bbq joints anywhere us satisfying enough hard believe actually better,indian,4.5,$$$
499,Red Eye Smokehouse,like tender juicy brisket sausage also good complimentary bread best l like bread bread best free,indian,4.5,$$$
500,Red Eye Smokehouse,arrived red eye smokehouse days removed visiting houston texas lets say senses assessing good barbecue,indian,4.5,$$$
501,Red Eye Smokehouse,bbq juicy tx even best bbq joints anywhere us satisfying enough hard believe actually better,indian,4.5,$$$
502,Red Eye Smokehouse,like tender juicy brisket sausage also good complimentary bread best l like bread bread best free,indian,4.5,$$$
503,Red Eye Smokehouse,arrived red eye smokehouse days removed visiting houston texas lets say senses assessing good barbecue,indian,4.5,$$$
504,Red Eye Smokehouse,bbq juicy tx even best bbq joints anywhere us satisfying enough hard believe actually better,indian,4.5,$$$
505,Red Eye Smokehouse,like tender juicy brisket sausage also good complimentary bread best l like bread bread best free,indian,4.5,$$$
506,Red Eye Smokehouse,arrived red eye smokehouse days removed visiting houston texas lets say senses assessing good barbecue,indian,4.5,$$$
